:020000040800F2
:10000000A215002405030008A9020008A90200089F
:10001000A9020008A9020008A9020008A902000814
:10002000A9020008A9020008A9020008A902000804
:10003000A9020008A9020008A9020008A9020008F4
:10004000A9020008A9020008A9020008A9020008E4
:10005000A9020008A9020008A9020008A9020008D4
:10006000A9020008A9020008A9020008A9020008C4
:10007000A9020008A9020008A9020008A9020008B4
:10008000A9020008A9020008A9020008A9020008A4
:10009000A9020008A9020008A9020008A902000894
:1000A000A9020008A9020008A9020008A902000884
:1000B000A9020008A9020008A9020008A902000874
:1000C000A9020008A9020008A9020008A902000864
:1000D000A9020008A9020008A9020008A902000854
:1000E000A9020008A9020008A9020008A902000844
:1000F000A9020008A9020008A9020008A902000834
:10010000A9020008A9020008A9020008A902000823
:10011000A9020008A9020008A9020008A902000813
:10012000A9020008A9020008A9020008A902000803
:10013000A9020008A9020008A9020008A9020008F3
:10014000A9020008A9020008A9020008A9020008E3
:10015000A9020008A9020008A9020008A9020008D3
:10016000A9020008A9020008A9020008A9020008C3
:10017000A9020008A9020008A9020008A9020008B3
:10018000A9020008A9020008A9020008A9020008A3
:10019000A9020008A9020008A9020008A902000893
:1001A000A9020008A9020008A9020008A902000883
:1001B000A9020008A9020008A9020008A902000873
:1001C000A9020008A9020008A9020008A902000863
:1001D000A9020008A9020008A9020008A902000853
:1001E000A9020008A9020008A9020008A902000843
:1001F000A9020008A9020008A9020008A902000833
:10020000A9020008A9020008A9020008A902000822
:10021000A9020008A9020008A9020008A902000812
:10022000A9020008A9020008A9020008A902000802
:10023000A9020008A9020008A9020008A9020008F2
:10024000A9020008A9020008A9020008A9020008E2
:10025000A9020008A9020008A9020008A9020008D2
:10026000A9020008A9020008A9020008A9020008C2
:10027000A9020008A9020008A9020008A9020008B2
:10028000A9020008A9020008A9020008A9020008A2
:10029000A9020008A90200080000000000000000F8
:1002A000FFECC2925D7D05C5EFF305801EF0040FE3
:1002B00002D0EFF309818D466A4602F16802EFF33E
:1002C00011831EF0100F0CBF2DED108A90B02DE998
:1002D000FC4F6946DFF828D000F06EFAB0E8FC4F1A
:1002E0001EF0100F0CBFB0EC108A40301EF0040F4F
:1002F0000CBF80F3088880F3098883F31188704766
:100300000003002408B51E4B1E48DA1CC11E121A39
:1003100022F00302994288BF0022002100F0A5FCD0
:10032000194B1A48DA1CC11E121A22F00302994214
:1003300088BF0022164900F083FB00F019F900F095
:1003400053FA00F071F9BFF34F8FBFF36F8F4FF087
:10035000E023D3F8902F22F00102C3F8902FD3F8B6
:10036000942F22F00102C3F8942FBFF34F8FBFF3F5
:100370006F8F00F0C3FC00F00AFA00F0D1FC00BF60
:10038000B412002400010024000100240000002415
:1003900054A200086F4A82B0D2F8003423F48023BC
:1003A00043F48033C2F800346B4B0193019B002B64
:1003B00003DDD2F800349B0304D5019B002B04DC41
:1003C00002B07047019B013BEFE7624BD3F8182462
:1003D00022F4706222F00F0242F00802C3F81824DF
:1003E000D3F81C2422F4E06242F04002C3F81C243B
:1003F000D3F81C2422F4E06242F48062C3F81C2487
:10040000D3F8182422F0700242F04002C3F81824F6
:10041000D3F8202422F0700242F04002C3F82024D6
:100420004E4AC3F828244E4AC3F830244D4AC3F834
:10043000382402F50032C3F840244B4AC3F82C2478
:10044000D3F8002442F0A852C3F80024D3F80024C3
:100450009001FBD5D3F800241101FBD53D4BD3F817
:1004600000249200FBD5D3F80C2842F00602C3F812
:100470000C28D3F8182842F44042C3F81828D3F8BF
:1004800018289004FBD5334BD3F804289104FBD5EE
:10049000D3F8F4244FF0B04142F00202C3F8F42440
:1004A000D1F82C2442F00102C1F82C24D3F81828EA
:1004B0009204FBD52D4A22211160D3F8102422F09A
:1004C000070242F00302C3F81024224BD3F8102491
:1004D00002F03802182AF9D1D3F8542422F44052F9
:1004E00042F40052C3F85424D3F8582422F4407242
:1004F00042F40072C3F85824D3F8502422F4E042A6
:1005000042F48052C3F85024D3F8502422F4E0225D
:1005100042F48032C3F85024D3F8582422F0E04249
:1005200042F08052C3F85824D3F8542422F44012E5
:1005300042F40012C3F85424D3F8582422F4403271
:10054000C3F85824D3F8502422F04052C3F8502462
:1005500036E700BF0040025848BE210012202000AC
:10056000770203072F0201018808BF000020005214
:1005700010B5294C00200122D4F8003443F00103C7
:10058000C4F80034254BC3F80821C4F81004244BE8
:10059000D4F80024134043F01003C4F80034214B76
:1005A000C4F82C34D4F8003423F48023C4F8003485
:1005B000C4F8600400F07CF8FFF7ECFED4F8D834FF
:1005C00043F0006343F00103C4F8D834D4F8DC34BA
:1005D000C4F8DC34D4F8D434C4F8D434D4F8E034D7
:1005E00043F0805343F09F03C4F8E034D4F8E83478
:1005F000C4F8E834D4F8EC34C4F8EC34D4F8F0346B
:10060000C4F8F034D4F8E434C4F8E434D4F8F4345E
:10061000C4F8F43410BD00BF0040025800800051FF
:1006200067EFFEEA0000FF017047FFEC30B4EFF324
:10063000118400238022EFF3108372B682F31188B5
:1006400083F31088BFF34F8F174B1849D3F8002856
:100650000B8802F4807578B101339BB20B8075B1C1
:10066000CBB10023BFF34F8FE4B284F31188C3B141
:10067000042030BC00F04FB85BB1013BEDE70B88C4
:10068000002BEED0084B42F48072C3F800280123FF
:10069000E8E7002DE5D022F48072034BC3F8002870
:1006A000DFE730BC704700BF004002580003002461
:1006B000EFF3118200238021EFF3108372B681F3F0
:1006C000118883F310880749D1F8003823F4807328
:1006D000C1F800380021044B1980D3B283F311888C
:1006E000FFF7A4BF004002580003002430B5EFF329
:1006F000118400238025EFF3108372B685F31188EF
:1007000083F31088036823EA0101E3B20A4302601D
:1007100083F3118830BD82B0002245F26161B0F5EB
:100720007A7F0BD8002240F6A201642811D800225B
:100730000A2818D8002200BB02B070470192019B22
:100740008B4202DDA0F57A70E9E7019B013301934A
:10075000F5E70192019B8B4201DD6438E5E7019BDF
:1007600001330193F6E70192019BDC2B01DD0A388E
:10077000DEE7019B01330193F6E70192019B152B04
:1007800001DD0138D7E7019B01330193F6E7BFF3A1
:100790004F8FBFF36F8F4FF0E0230022C3F8502F2D
:1007A000D3F8142D42F40032C3F8142DBFF34F8F49
:1007B000BFF36F8F7047FFEC70B50A4D06460C46CD
:1007C0002B680BB91C462960304600F0F6F8296802
:1007D000304600F087FB14B900232C682B602046BC
:1007E00070BD00BF04030024EFF3148343F004033F
:1007F00083F314884FF0E023D3F8342F22F04042E3
:10080000C3F8342FD3F8882D42F47002C3F8882D32
:100810007047FFEC0F2810B52DDDA0F110041F2C40
:1008200008DC03F1604303F561430B600123A3403F
:10083000136009E03F2C09DC1D4C30381C440C606F
:10084000012303FA00F01060002010BD5F2C04DCCF
:10085000184C50381C440C60F2E77F2C04DC164C1A
:1008600070381C440C60EBE7952C1EDC134C903860
:100870001C440C60E4E7124B04380B600B2814D8BE
:10088000DFE800F006090C13131313131313130FEF
:100890004FF48033CCE74FF40033C9E74FF48023A3
:1008A000C6E7084B0B600123C2E74FF0FF30CCE7EF
:1008B00004E100E008E100E00CE100E010E100E00C
:1008C00024ED00E010E000E04FF0E02321494FF07C
:1008D000FF3010B55B6803F00F035A1C03F1382397
:1008E00061339B0041F8040B9942FBD14FF0E023A8
:1008F0001949C3F8081D4FF08031C3F8181DC3F81B
:100900001C1DC3F8201D5301144A03F1604303F575
:10091000644342F8041B9342FBD10024104B11495D
:100920000B2022461C6000F0B5FA22460E49032037
:1009300000F0B0FA4FF0E022D2F81C3D23F07F43E4
:1009400043F0E043C2F81C3DF02383F3118862B604
:1009500010BD00BF80E100E00000000800E400E0FE
:1009600004030024ED090008BD09000813B5802325
:1009700001AA69460446FFF74DFF20B90F2CDDE9B7
:10098000003102DD196002B010BD1A6822EA0102CE
:100990001A60F8E713B5002301AA69460446FFF779
:1009A00039FF20B90F2CDDE9003102DD196002B0FA
:1009B00010BD1A680A431A60F9E7704708B54FF08E
:1009C000E023D3F82C2DD3F8283DEFF31183002337
:1009D0008022EFF3108372B682F3118883F31088BC
:1009E000AD21014800F034F94C9C0008CA6E012A80
:1009F00008B508D0022A0AD01AB9D422086F00F02C
:100A00001FF8002008BD0A6F034B1A60F9E70A6F50
:100A100011604A6FF8E700BF04030024FFECC292A4
:100A200018DF88DFCD06CD767CD30CD3D982D912DE
:100A30002C00050A0F14191E232800BFAFF30080F5
:100A400000B501B400F004F801BC00BDAFF30080B4
:100A500000B5042A60DB00F0030E61F3830E7A4BCD
:100A6000D3E80EF0AFF30080AFF30080AFF3008067
:100A700011F8013B00F8013BA2F1010211F8013B22
:100A800000F8013BA2F1010211F8013B00F8013B23
:100A9000A2F101022DE9F01F282A07DBB1E8F81FB7
:100AA000A0E8F81FA2F12802282AF7DADFF89CE173
:100AB0004FEA920BDEE80BF051F8043B40F8043BA0
:100AC00026E0B1E81800A0E8180021E0B1E83800FD
:100AD000A0E838001CE0B1E87800A0E8780017E052
:100AE000B1E8F800A0E8F80012E0B1E8F801A0E8E9
:100AF000F8010DE0B1E8F803A0E8F80308E0B1E878
:100B0000F807A0E8F80703E0B1E8F80FA0E8F80F4D
:100B1000BDE8F01F02F00302002A08BF00BD11F873
:100B2000013B00F8013B013A08BF00BD11F8013B51
:100B300000F8013B013A08BF00BD11F8013B00F885
:100B4000013B00BDAFF30080AFF30080AFF3008046
:100B500011F8013B00F8013BA2F1010211F8013B41
:100B600000F8013BA2F1010211F8013B00F8013B42
:100B7000A2F10102282A35DB2DE9F01FB1E8F81FA8
:100B800020F8023B4FEA134364F31F434FEA144437
:100B900065F31F444FEA154566F31F454FEA1646B5
:100BA00067F31F464FEA174768F31F474FEA184895
:100BB00069F31F484FEA19496AF31F494FEA1A4A75
:100BC0006BF31F4A4FEA1B4B6CF31F4BA0E8F80F67
:100BD0004FEA1C4C20F802CBA2F12802282ACDDAD9
:100BE000BDE8F01F042A97DB51F8043B20F8023BD4
:100BF0004FEA134320F8023BA2F10402BAE711F8CE
:100C0000013B00F8013BA2F1010211F8013B00F8A1
:100C1000013BA2F1010211F8013B00F8013BA2F1F6
:100C20000102042AFFF678AF51F8043B00F8013BBB
:100C30004FEA132320F8023B4FEA134300F8013B2D
:100C4000A2F10402EDE70000200A0008300A0008C3
:100C500008B501F0B3FB012000F004F8012008B54D
:100C600000F000F808B500F081FB002A44D010F035
:100C7000010F03463AD0013A03F8011B012A39D982
:100C8000F0B541EA01259E07ADB22CD0023A23F817
:100C9000025B032A19D95C0705EB054616BF141F32
:100CA000144643F8046BB446224604EB030E072AAD
:100CB00013D8E2086FF0070707FB02423C40032A03
:100CC000234484BF043A43F8046B012A02D9023A50
:100CD00023F8025B02B11970F0BDAEEB0207083ACF
:100CE000C7E900C6E3E7032AD5D8F0E7012AC7D150
:100CF00019707047002AFBD17047704700F008B8A0
:100D0000002070470021084601F004BA04F0D4BC6A
:100D1000014801F04FBA00BF320C02007047FFECEF
:100D20003C4C01233C4D8C2204F170062B7083B5A2
:100D300000212046FFF799FF032318223749237724
:100D40003046374B374FC4E905330623E38303F0BE
:100D5000B5FD354920463E6003F0BBFB334B01A98E
:100D60006846334E1C6002232B7001F003FADDE964
:100D7000000103F0BFF9042333603368012B45DD24
:100D80003068800003F0D4F92A4B1860336804609F
:100D90002048A17F00F006FBA3681E48DB685F6067
:100DA00001F062FC1B4800F0EFFA1A4800F018FB53
:100DB000A36805221A7200221F4B1A6003232B70AE
:100DC00000F0C0F806F0DDFC1C4B0BB100F030FB6E
:100DD0001B4B0BB107F0F5FA1A4B0BB100F074FF87
:100DE00001F096F901F080FB04F0C6FF04230948E6
:100DF0002B7000F018FB05232B7000F039F8062348
:100E00002B7000F0AFF801F02DFCFCE733685B00BD
:100E1000B2E700BF100300249C030024F39D0008E8
:100E2000210D000808030024D8030024D403002463
:100E3000A0030024A4030024A80300243114000804
:100E4000C3830008C91C000813B50024FFF75AFF2C
:100E5000054B40F67A4264210094044800F0DBF828
:100E6000204602B010BD00BF89950008649C0008B0
:100E700013B50024054B4FF40062FE210094044892
:100E800000F0E2F8204602B010BD00BF490E000895
:100E9000749C0008A52870B505460C461AD8EFF3D7
:100EA000118600238021EFF3108372B681F311883D
:100EB00083F310881CB9FFF759FD2246074C084BF5
:100EC000F6B243F8354003EBC5035A6086F3118848
:100ED000002070BD6FF01500FBE700BF210F000878
:100EE000E0030024A52808B50CD8094A52F8303090
:100EF0005BB102EBC00252689847064B1A68064B7A
:100F00001A6008BD0022054BF6E71A46FBE700BF52
:100F1000E0030024D8030024D4030024210F000898
:100F200008B5EFF3118300238022EFF3108372B62C
:100F300082F3118883F3108836210148FFF788FE79
:100F40007F9C0008054B1B682BB1054A126812B93B
:100F50001A8C01321A840020704700BFD803002485
:100F600004030024134B10B51A68C2B1124B1B685E
:100F7000ABB9EFF311848021EFF3108372B681F3E4
:100F8000118883F31088B2F92030002B09DC00238C
:100F900013840A4B1B6853B9E4B284F31188002010
:100FA00010BD013B1BB21384002BF5D1EFE701F01C
:100FB000B3FAF1E7D803002404030024CC0300248F
:100FC0002DE9FF4105468C20884616461F4603F052
:100FD000AFF80446E0B10023A0F81E80294632464F
:100FE00003930C9B02930B9B01930A9B00933B463C
:100FF00000F034F8051E06DA204603F089F828468A
:1010000004B0BDE8F0812046E56800F073F9F6E72A
:101010006FF00B05F3E71FB5069C00920A46CDE979
:10102000013400231946FFF7CBFF04B010BD1FB5F4
:10103000079C0294069CCDE9003413460A4602211F
:10104000FFF7BEFF04B010BD13B5049CCDE900341A
:1010500013460022FFF7EBFF02B010BD2DE9F34766
:10106000867F88460546914631461F46DDF828A012
:1010700000F098F9041E3ADB284606F0030600F05B
:10108000D4F9041E0CDB87B152463946284601F0DC
:10109000B1FA041E05DB284600F076F9041E13DAC7
:1010A00057B1284600F0A2F921E0324651462846C1
:1010B00001F0D8F9041EEEDAAB6B002BF1D031460B
:1010C000284601F043FAECE70B9B49460A4A2846BA
:1010D000009600F013F8041EE2DB0C9A4146284605
:1010E00000F09CF8041EDBDB284600F079F920466E
:1010F00002B0BDE8F08700BF191300082DE9F74FD3
:1011000004460E4601929946EFF311870023802290
:10111000EFF3108372B682F3118883F31088DFF83F
:10112000F4A0DFF8F480DAF800500020D8F800309E
:101130000135364A116888420DDB1068C00002F0A4
:10114000F7FF324A0546002842D1FFB287F31188E3
:101150006FF00B0036E0012D1168B8BF0125013991
:10116000294053F821B0BBF1000F2ED143F82140A4
:10117000FFB2E560CAF8005087F31188019BF6B210
:101180009DF830205946032026746674C4E9053959
:10119000E38B62F3010304F1440223F06003E38371
:1011A00000F082F9204684F81CB001F05DFAFFF7E8
:1011B000C9FE1749204603F08CF904232377FFF773
:1011C000D1FE584603B0BDE8F08F01350130B1E7DC
:1011D00011684FF0000C0D4B490011601A68D8F8E7
:1011E000000002EBD272BCEB620F04DB02F090FF56
:1011F000C8F8005097E750F82C000CF1010C1A6861
:10120000C168013A0A4045F82200E7E7A00300243C
:10121000AC030024A8030024A4030024344B2DE9CC
:10122000F74F002914BF8846984607460024154604
:1012300041461822703003F05DFB404687F8884035
:1012400003F050FB461C4DBB2C460234384606EBDF
:10125000840101F08DF906464FEA8409002844D044
:1012600000EB090AA9F10809B346043DC0F800A043
:10127000404603F037FB0446B14441460134504632
:1012800003F014FB5444CB451BD100204AF8040C56
:10129000BB68DB685E6003B0BDE8F08F40F2011907
:1012A00055F824000028D0D0013603F01BFB7B6BDF
:1012B00006449E4216D201344C45F1D16FF006002F
:1012C000E9E74BF8044F55F8041F0846019103F075
:1012D00009FB80460199204608F1010803F0E6FA6F
:1012E0004444D0E76FF05A00D5E76FF00B00D2E727
:1012F000409E000810B5EFF3118400238022EFF325
:10130000108372B682F3118883F3108801F054F9C8
:10131000E4B284F3118810BD38B5134B1C68E38B1D
:1013200003F00303022B02D0204600F0A3FBA368C6
:10133000012040F20111DB685A6852F820304BB9A5
:10134000E38BA56903F00303022B08D11146A847DC
:10135000FFF788FC01308842EFD10120F8E7014611
:10136000284603F0CFF8F8E7D8030024044600220B
:1013700008B5E4B2034B2146186800F0A3FB2046F1
:1013800001F096F8D803002410B51821044601F0A6
:10139000EFF820B1A368DB680360002010BD6FF098
:1013A0000B00FBE770B506464FF48E7002F0C0FEEE
:1013B000044690B100F0ABFB051E04DA204602F0B3
:1013C000A7FE284670BD04F12400B46006F00AFAB6
:1013D0002046002503F0A1F9F3E76FF00B05F0E7D5
:1013E000D0E902321A6001225A72704738B5846817
:1013F000054634B1637A012B04D9013B63720023A3
:10140000AB6038BD204600F093FB204600F030F979
:1014100004F1240006F0EAF9204603F09DF9204685
:1014200002F076FEEBE700F090BB00F08EBBFFEC25
:101430000023044A044942F833100133A62BFAD1A1
:10144000FFF742BAE0030024210F000838B5044634
:1014500018B3C068B0B1EFF3118200238025EFF319
:10146000108372B685F3118883F310880C4B002526
:101470001B68013B03400B48006840F82350D3B27F
:1014800083F31188A36B13B1204601F05FF8204667
:10149000FFF7ACFF204602F03BFE002038BD00BF46
:1014A000A0030024A4030024F8B51746194B0646F0
:1014B0000C461D68FFF746FD0FB16B6C3B60D4B165
:1014C000EFF3118300228021EFF3108272B681F3D3
:1014D000118882F31088022E11D0032E14D0012E11
:1014E00014D16A6C21680A4300246A64DBB283F376
:1014F000118800F011F8FFF735FD2046F8BD21688E
:101500006A6C22EA0102EFE72268EDE76FF015044A
:10151000ECE700BFD8030024174B37B51D68FFF771
:1015200011FD6C6C284600F0F5FCE4430440019486
:1015300024B9FFF717FD204603B030BD01A800F025
:101540006FF8431C044610D0014601A803F023F8AD
:101550002146284600F012F8044630B1011D284605
:1015600000F09AF8204600F02DF8019B002BE5D101
:10157000FFF7F8FC0120DFE7D803002438B58368C3
:10158000EFF3118500228020EFF3108272B680F312
:10159000118882F3108800209C693CB122798A422C
:1015A00009D103F1180148B102F078FFEDB285F3DB
:1015B0001188204638BD20462468EEE7084602F030
:1015C00063FFF3E710B5037B83B9EFF31184802247
:1015D000EFF3108372B682F3118883F310880E49FB
:1015E00002F032FFE4B284F3118810BD022B0CD15B
:1015F000EFF3118400238022EFF3108372B682F39D
:10160000118883F310880549EAE7012BEDD1BDE885
:10161000104002F07DBD00BF18090024100900240D
:1016200038B5054601242146284602F0C4FF20B9FA
:101630000134202CF7D14FF0FF34204638BD38B5A7
:10164000044600F14C05284602F01EFF50B904F193
:101650005405284602F018FF38B94FF0FF32C4E9AC
:10166000112038BD00F0B0FCEDE700F0ADFCF0E774
:1016700038B5044600F11005284602F005FF28B9E8
:101680001834204602F000FF18B938BD00F07AFB8C
:10169000F2E7FFF797FFF4E72DE9F0410D460978EF
:1016A000044629B3443002F086FF012807467ED164
:1016B000EFF3118600238022EFF3108372B682F3DA
:1016C000118883F31088237FF6B2062B12D1297874
:1016D00004F1480002F06FFF60B12B682046E3651B
:1016E0006B6823660023A36400F066FF86F311880D
:1016F0000026C0E086F31188A4682978EFF31182F0
:1017000000238020EFF3108372B680F3118883F3F7
:101710001088A36913B11879884208D1D2B282F334
:10172000118833B12A685A606A689A60E0E71B68DA
:10173000F0E7564B1B68FBB1554802F0A5FE20B9F7
:10174000544802F0A1FE0028D2D02B6843606B6899
:101750008360EFF3118500238022EFF3108372B6CC
:1017600082F3118883F3108804F11801EDB202F0BE
:101770006BFE85F31188BBE7EFF31186002380220F
:10178000EFF3108372B682F3118883F31088404818
:10179000F6B202F079FE86F311880028D5D1102028
:1017A00002F0BEFC0028A3D001230373CDE7FFF7AE
:1017B000C9FB2978A06800F0C9FB064658B3436806
:1017C0004BB300F0D5FB002858D073684360B26873
:1017D0008260F3689B0604D4297801238B4013436D
:1017E00083602B68C3606B680361EFF3118600238D
:1017F0008022EFF3108372B682F3118883F310888E
:1018000004F14C01F6B202F01FFE2349204600F01D
:1018100067FF86F311880026FFF7A4FBEFF311881A
:1018200000238022EFF3108372B682F3118883F3D2
:101830001088237F062B08D12B682046E3656B6850
:1018400023660023A36400F0B7FE5FFA88F888F3EC
:101850001188002F15D1237F052B03D104212046A9
:1018600000F014FA237F072B05D12B78082B02D127
:10187000204600F0C8F93046BDE8F0816FF00B0655
:10188000CAE7F8DA6FF01506F5E700BF0403002495
:101890001809002410090024B718000810B50C46D8
:1018A00000F06AF920B12146BDE81040FFF7F4BE10
:1018B0006FF0020010BD2DE9F04F87B0044602F032
:1018C000B9FD03684FF0800A04F154090193B4F99B
:1018D0002230029304F14C030593EFF31183EFF3ED
:1018E000108772B68AF3118887F31088B4F81E80C7
:1018F00018F400725FFA83F804920AD088F3118812
:1019000002F098FD019B0360029B638407B0BDE871
:10191000F08F059802F0B8FD06460028EED0E28B65
:10192000494642F40072E28302F08EFDD4F844B0DE
:10193000B5684BEA0505656488F31188736806F19C
:101940000C01049A307B9847EFF31188039BEFF367
:10195000108372B68AF3118883F310880393494683
:10196000E38B30465FFA88F823F40073E383636CFB
:101970005D4083EA0B031D4085EA0B05656402F0B8
:101980006DFD88F31188FFF7C7FD304600F01CFBA2
:10199000A3E77047054B10B51C68FFF7D3FA204644
:1019A00000F010F9BDE81040FFF7DCBAD8030024BE
:1019B00008B5024B01201B68FFF754F9D803002437
:1019C00008B58068203002F0F6FD0028D4BF002062
:1019D000012008BD0023094A10B512F8334002EB7C
:1019E000C301844204D14878C04300F0010010BD17
:1019F00001330B2BF1D10120F9E700BF4C9E000809
:101A000038B580684AB10023194A12F8335002EB06
:101A1000C304A94214D16468B4B9EFF3118400235C
:101A20008022EFF3108372B682F3118883F310885B
:101A30002030E4B202F0AFFD84F31188002414E0FA
:101A400001330B2BE1D1E8E7EFF31185002380226E
:101A5000EFF3108372B682F3118883F3108820307D
:101A6000EDB202F08CFD85F31188204638BD00BF31
:101A70004C9E00082DE9F04386680024104D4FF07D
:101A800002092036A04685B0304602F090FD6B6812
:101A900073B12F7801A90022CDF80C903846CDE91A
:101AA0000138012300F084F93946304602F067FD21
:101AB000013408350B2CEAD1002005B0BDE8F083D5
:101AC0004C9E000810B5C38B04461B0515D43AB9CB
:101AD000806828B1437A012B02D12C3002F086FDB8
:101AE000204600F00BF82046FFF780FC2046FFF769
:101AF000A6FDE38B43F40063E38310BD10B50446F9
:101B000000F020F82046BDE8104000F0A6B838B537
:101B10000546382002F00CFB044630B101220021BA
:101B200002F0FBFC0020EC6038BD6FF00B00FBE71F
:101B300010B5C468204600F078F82046BDE8104093
:101B400002F0E6BA243000F06DBA0023024601210B
:101B500010B50446184606F013FB00232246062162
:101B6000012006F00DFB002322460621022006F08C
:101B700007FB002010BDFFEC0346EFF311810022AC
:101B80008020EFF3108272B680F3118882F3108800
:101B90000A4A106860B1002B0EDB094A1268013A4C
:101BA0001A4050F8220018B1C2689A4218BF0020AB
:101BB000CBB283F3118870470020F9E7A403002417
:101BC000A003002438B50446EFF3118500238022DA
:101BD000EFF3108372B682F3118883F31088037FCA
:101BE000043B032B0BD800F065FA042307212046A1
:101BF000638400F04BFAEDB285F3118838BD0721FC
:101C000000F002FCF7E710B5EFF311840023802207
:101C1000EFF3108372B682F3118883F3108800F01B
:101C2000CBFCE4B284F3118810BD30B103881B04EF
:101C300001D401230380002070476FF01500704726
:101C400010B5FFF7F2FF041E05DA644202F0F2FB62
:101C500004604FF0FF34204610BDEFF311820023E3
:101C60008021EFF3108372B681F3118883F310881B
:101C7000037F052B06D1016C0B8801331BB20B804F
:101C800000230364D3B283F31188704738B5EFF3B0
:101C9000118400228025EFF3108272B685F311883B
:101CA00082F31088027F052A09D1056C2A88013247
:101CB00012B22A8000224184026400F07DFCE4B26A
:101CC00084F3118838BDFFECF8B50024284B294E69
:101CD0006020C3E90044284BC3E90044274BC3E913
:101CE0000044274BC6E90044C3E9004402F018FA57
:101CF000054648B100F160072C7528461835314675
:101D000002F0A2FBAF42F7D1602002F009FA0446CC
:101D100058B100F160050227174E27752046183488
:101D2000314602F091FBAC42F7D1402002F0F8F9C5
:101D3000044658B100F140050027104E2773204695
:101D40001034314602F080FBA542F7D1402002F06A
:101D5000E7F9044658B100F140050227084E277301
:101D600020461034314602F06FFBAC42F7D1F8BD8B
:101D7000300900242809002420090024180900241F
:101D80001009002410B5EFF3118400238022EFF333
:101D9000108372B682F3118883F310880349E4B28A
:101DA00002F052FB84F3118810BD00BF30090024FB
:101DB0002DE9F04F1746554A1F2885B0D2F800A0EC
:101DC00005460C46DAF8089004D96FF0150005B006
:101DD000BDE8F08FD9B92946484600F0B7F8064665
:101DE000FFB994B12768012F32D13A4629465046AF
:101DF000FFF706FE07468FBB3EB1304609F11001E2
:101E000002F02CFB3046FFF7BDFF0020DFE7002B80
:101E1000E1D10B68012BDED0FFF7DCFD0028DAD121
:101E2000D3E729465046FFF7CBFD30B1002301220E
:101E3000C7E900230223BB60D3E72EB173683B6080
:101E4000B3687B60F368F6E7C7E90066BE60C8E781
:101E5000002229465046FFF7D3FDCCE7E6B9EFF361
:101E6000118B4FF0800A0023EFF3108372B68AF3D0
:101E7000118883F3108826485FFA8BFB02F004FB7D
:101E800006468BF31188DFF888B05EB109F11001C6
:101E90003046357402F0D8FA77606368B360A3689F
:101EA000F360B2E7502002F03BF90646C0B1EFF311
:101EB0001183EFF3108872B68AF3118888F31088C3
:101EC00000F15002304659461436CDE9022302F0A3
:101ED000BBFA029A039B9642F4D1DBB283F31188DA
:101EE000EFF31183019A0293EFF3108272B68AF333
:101EF000118882F310885846019202F0C5FA029BBD
:101F00000646DBB283F31188BFE700BFD803002485
:101F100030090024002337B582680193EFF311855F
:101F20008021EFF3108372B681F3118883F3108858
:101F300094692CB9EDB285F31188019803B030BDD6
:101F4000217901A802F01BFB2468F2E738B50D46A1
:101F5000044640B1FEF7F6FF246914B1237CAB427E
:101F600003D1FEF7FFFF204638BD2468F5E7FFECFC
:101F7000124B10B51B6843B1114802F085FAE0B965
:101F80001048BDE8104002F07FBAEFF3118400233F
:101F90008022EFF3108372B682F3118883F31088E6
:101FA0000748E4B202F070FA84F3118828B91820C7
:101FB00002F0B6F808B10123037510BD0403002434
:101FC000280900242009002410B5037D83B9EFF30C
:101FD00011848022EFF3108372B682F3118883F3A9
:101FE00010880E4902F030FAE4B284F3118810BD73
:101FF000022B0CD1EFF3118400238022EFF3108326
:1020000072B682F3118883F310880549EAE7012B41
:10201000EDD1BDE8104002F07BB800BF28090024D4
:102020002009002438B50446EFF3118500238022EF
:10203000EFF3108372B682F3118883F31088F0B146
:102040004368E3B1104B00201B68DBB1A3420FD102
:1020500023681BB19A68A1680A449A6058B10A497A
:1020600002F01CFA00206060EDB285F3118838BDE3
:1020700018461B68E9E7044802F006FAF2E76FF039
:102080001500F1E71B68FFDE3809002438B50C465F
:10209000074B054653F8311003EBC4031B79DB07EC
:1020A00003D500F015F82C7738BD02F007FAFAE7EF
:1020B000009E0008054B027F10B553F8321004460D
:1020C00002F012FA0023237710BD00BF009E000823
:1020D00010B50B68027C5BB11C7C944206D25A6836
:1020E000C0E900328AB95860086007E01B68F2E76F
:1020F0004A68036022B94360C1E90000012010BDB5
:102100004260106048600020F9E710605860FAE70C
:102110007047FFEC37B5124D2C682CB1114802F016
:1021200053FA012003B030BD0F4802F04DFA40F2DF
:10213000011369464FF60C70ADF800308DF802407F
:10214000019503F0DFFD011E04DA4942074802F061
:102150003BFAE6E7064802F037FA2046E2E700BF1E
:1021600040090024979C0008BA9C0008E59C0008E0
:10217000249D0008044B1B680360C3F1105303F552
:1021800000230B60704700BF489C000803060BD477
:10219000C0F30312064B53F822202AB100F00F00BF
:1021A000012311B18340936170471030FAE700BFFB
:1021B000A49E00082DE9F04710F080060446C0F305
:1021C000031840F0D9806E4B53F82850002D00F0D2
:1021D000D38000F4402300F00F07B3F5002F00F088
:1021E000B780B3F5402F00F0B580B3F5802F40F0F5
:1021F000B380C0F30021FFF7C9FF0121EFF3118283
:1022000000238020EFF3108372B680F3118883F3EC
:102210001088022940F0A28014F4704FC4F3033EEA
:1022200014D023074FF00F094BBFA7F108033B461B
:10223000242020209B0050F805C009FA03F90EFA6B
:1022400003F32CEA090C43EA0C0343514FEA470C11
:102250000323D5F80090032903FA0CF329EA0309B4
:102260006FEA030001FA0CF343EA09032B6078D00C
:1022700004F44033B3F5803F75D0A3F50039D9F1AC
:10228000000343EB09035B00D5F80C9003FA0CF351
:1022900000EA090943EA0903EB60BEF1000F13D11C
:1022A00023074FF00F0A4BBFA7F108033B464FF03F
:1022B000240E4FF0200E9B005EF805900AFA03F3FF
:1022C00029EA03034EF8053001F1FF3EBEF1010F8C
:1022D0000DD804F44066B6F5006F46D0B6F5406FF1
:1022E00045D0A6F58069D9F1000646EB0906AB6832
:1022F00006FA0CF6BEF1010F00EA030046EA0006FA
:102300004FF00100AE6000FA07F06B6831D8A60507
:102310002FD5034301296B6014D0E30512D504F0D7
:102320000C04BF000F2104F1B04407F00C07D4F8EF
:102330000834B94008FA07F823EA010348EA03031E
:10234000C4F80834D2B282F311880020BDE8F087C7
:10235000022153E7032151E731464FE74FF0000ECA
:1023600074E7002390E701238EE70226BFE70326E8
:10237000BDE723EA0003CDE76FF01500E6E700BFF5
:10238000A49E0008C0B2FFF715BFFFEC020603468B
:1023900010D4C0F30311084A52F8210058B10122A9
:1023A00003F00F03016902FA03F30B4214BF104656
:1023B0000020704700207047A49E000808B504F074
:1023C00055FA04F053FA04F051FA0D4B186818B995
:1023D0000C4B1B681B6873B9002007F0AFF9EFF3D3
:1023E000118300238022EFF3108372B682F31188E9
:1023F00083F31088FEE7BDE8084007F09FB900BFEF
:1024000004030024D80300242DE9F04106460F46BA
:10241000114DD5F8008006F00BF8394604463046D9
:10242000FFF734FE0D4B1B681BB106F015F8044393
:10243000E4B23CB10A4B1A6832B1C8F86C202A6881
:10244000D26E1A60BDE8F0812B6808F16C00D96E7D
:10245000BDE8F04100F0A7B8D8030024CC03002465
:102460000403002438B5836B0C46054611469BB91E
:10247000204601F055FEA863A86BB0B10119E863CE
:1024800021F00701091A696300F0CCF8EB8B0020FA
:1024900043F48053EB8338BD436BA342ECD000F090
:1024A00055F8AB6B002BE7D1E2E74FF0FF30F2E7D6
:1024B000094C08B52368EFF3118300238022EFF362
:1024C000108372B682F3118883F3108806F01EF928
:1024D0002368D86E00F002F8D803002401460120DA
:1024E00000B500DF5DF804FB08B5084A8023084901
:1024F000013B42F8041BFBD1064B0BB1AFF300804C
:1025000000F06CFBBDE8084001F0ACBC0001002409
:10251000EFBEADDE0000000038B50A4C256805F0BE
:102520009BFF30B1084B1A6822B1EA662268D26E6E
:102530001A6038BD236805F16C00D96EBDE83840DB
:1025400000F031B8D80300240403002410B5044679
:10255000806B20B1E38BDB0401D501F0D9FDE38B67
:1025600023F48053E3830023C4E90E33636310BD77
:1025700038B5CD1D836B044625F007057BB1436B51
:10258000AB420ED9C36B2A4600211846FEF76DFBFD
:10259000E26B03462A44E263626B521B6263184695
:1025A00038BD0023FBE703460A460220194600B562
:1025B00000DF5DF804FBFFEC70B505460B4C2668A8
:1025C000FFF778FD284605F00FFF30B1084B1A6879
:1025D00022B1F2662268D26E1A6070BD236806F1DD
:1025E0006C00D96EBDE87040FFF7DDBFD803002452
:1025F0000403002470B5836B06460D46144623B1D0
:10260000C18B01F00301FFF7A1FF2C44284624F001
:102610000704611BC6E90E55716300F003F8002042
:1026200070BDFFECC21D80B522F0070282B01346D8
:1026300000AF79B9391DB94228BF394621F00701E9
:10264000091A21F003011144054A8B4204D10837CD
:10265000BD4680BD0144F1E743F8042BF5E700BF18
:10266000EFBEADDE7047FFEC38B50025C16804460B
:1026700045668566C56661B9184B186840F2EE2359
:10268000A0F2EE206363C4E90E00BDE83840FFF716
:10269000C9BF436BD422C06B2946D43B1844E066C3
:1026A000FEF7E3FAE36B616BE26E0B441360636960
:1026B000E26E23F00103C2F884304FF08072E36EC3
:1026C000C3F888206FF01602E36E9A62F022E36E80
:1026D000C3F8CC50E36E5A6038BD00BF489C000878
:1026E00010B5426E04460B46FAB91B4A1268824284
:1026F0001CD11A4C216811B9BDE810401847A1F14E
:10270000D400C2E91931D4222060FEF799F9236878
:1027100003F1D4021A60124A2368C3F8842080228D
:102720005A604FF08072C3F8882010BD4166D422F1
:10273000C16E8166A1F1D400E066FEF781F9E36E17
:1027400003F1D4021A60064AE36EC3F884208022A3
:10275000E36E5A60E36EE4E7D80300240403002428
:102760006527000838B50D4B1C68F023A56E83F370
:10277000118862B6636E20469847EFF311830023F9
:102780008022EFF3108372B682F3118883F31088EE
:10279000002328466366FFF7A1FE00BFD80300248C
:1027A00010B5846E01F4D873A0F85010226822F49A
:1027B000D87213432360826E936861F300039360C1
:1027C00010BD10B5EFF3118400238022EFF31083C6
:1027D00072B682F3118883F31088FFF7E1FFE4B249
:1027E00084F3118810BDFFECF0B5C36BEFF31180DB
:1027F00000228021EFF3108272B681F3118882F3F8
:1028000010889A6E156825F0010105F00104116029
:10281000DE6D5F6E720802EB4702B2FBF6F2642ACD
:102820003AD9013225F40041520821F001019D6E90
:1028300029609D6EEA60244A0A4093F856100129E7
:1028400034D142F4C06293F85750092D02D0082DBC
:1028500031D181B342F48052996E0A609E6E93F832
:1028600058107568494225F4405501F40051294338
:1028700071609D6E93F85960A96821F440711EB192
:102880005E6F0EB141F48071A96022439B6EC0B2AD
:102890001A6080F31188F0BDC2F3420522F00F02E6
:1028A00041F400411204120C2A43C0E7022908BF78
:1028B00042F48062C7E7B3F85610B1F5E06F08BF85
:1028C00042F08052C8E700BFFEE9FFEFC36B9A6E8B
:1028D000506AB3F8522040EA0242C0B20A600022B5
:1028E000A3F85220704710B5C06BEFF3118400239A
:1028F0008022EFF3108372B682F3118883F310887D
:10290000B0F8503039B143F02001E4B2FFF759FF7D
:1029100084F3118810BD23F4907121F00101F4E7D4
:10292000C36B9B6ED869C0F340107047C36B9B6E3E
:102930009962704710B5C06BEFF3118400238022B9
:10294000EFF3108372B682F3118883F31088B0F826
:10295000503041B143EA020189B2E4B2FFF731FFDE
:1029600084F3118810BD23F08001F5E7C36B9B6EE3
:10297000D869C0F3C010704738B5034610469B684D
:102980005D6940F201139942EC6B05D0B1F5817F8E
:1029900020D06FF0180038BD002A41D094F856209E
:1029A000B2B1531E5A425A4153024FF4807294F806
:1029B0005810134394F8592043EA811343EAC27331
:1029C00043F030038360E16D01F0A6FF0020E2E7F1
:1029D0001346ECE722B3936803F03002302A1FD18C
:1029E000002B01DA626FDAB113F4807216D013F49F
:1029F000007F0CBF0223012384F856308368C3F3A1
:102A0000801384F858308368DB0F84F8593001F064
:102A10009FFFE0652846FFF7E7FED7E71346EBE7A1
:102A20006FF01500B7E710B5C46B94F86000FDF7C0
:102A30009DFF002294F860001146BDE81040FEF7AB
:102A400029BAFFEC38B5C56B06492A4695F86000EF
:102A5000FEF720FA044618B995F86000FDF79AFFD2
:102A6000204638BD692A000810B51446926ED36915
:102A70009BB29806A4F8523013D5B4F850108906CA
:102A80000FD5204603F09EFEB4F852301A0606D544
:102A9000B4F850301B0602D5204603F05DFE00203E
:102AA00010BD13F00E0FEFD00E231362ECE710B53C
:102AB0001446C26B92F8592012B90024204610BD6A
:102AC000836B9B6914B100219847F7E70121984770
:102AD000F3E7FFEC38B5C46B00210546A36E19601F
:102AE000C36B9A6E1E4B9A4204D14FF400321D48BC
:102AF000FDF7FCFDE06EFFF75DFB206FFFF75AFB73
:102B0000606F08B1FFF756FBA16E284694F8583065
:102B10004A685B4222F47D5203F4005313434B6036
:102B2000A26E114B11680B401360A26E94F8551001
:102B3000936823F4E06323F0010343EA4163936065
:102B4000FFF752FEA26E0020136843F0005343F0DB
:102B50000D0313600123A4F8500084F8543038BDED
:102B600000440040E844025803BEFF3370B5002122
:102B7000C46B054684F85410EFF3118680220B468F
:102B8000EFF3108372B682F3118883F31088204626
:102B9000F6B2FFF705FE86F31188EB6B9A6E0D4BCC
:102BA0009A4205D10A460C484FF40031FDF79EFDCC
:102BB000A26E136823F00D031360E06EFFF7E2FBD3
:102BC000206FFFF7DFFB606F18B1BDE87040FFF7C3
:102BD000D9BB70BD00440040E84402587FB50B49A2
:102BE000684601F063FE0023094D1C4655F8041B9E
:102BF00039B15E1C303368468DF8093003F0BEFBF6
:102C000033460134082CF1D104B070BD5F9D00083B
:102C1000C49E0008704738B50A460169044629B1C8
:102C20004B69036103B9436100234B61637E207EDE
:102C3000C3F3C00520B9E068007C60F3C30363768A
:102C4000CB6820464A819847637E65F3C303637669
:102C500038BD37B50446C0680A4680B10368B4F889
:102C60005E10009121469D6804F11D03A8470028CD
:102C700003DA237C43F00103237403B030BD6FF00B
:102C80000400F6E7F0B5047E3CB313466401144F2C
:102C9000E5592E0415D4AE03124E48BF45F08065A9
:102CA0002E40334343EA814301F04F0143F0805308
:102CB00043F40043E351437EC28023F04F031943A2
:102CC0004176027E0123084900201032D1F81C48C9
:102CD00093402343C1F81C38F0BD21462346D5E775
:102CE000000B084000F8F3FF00000840F0B590F832
:102CF00018C0144E4FEA4C17BC59250417D4A3032F
:102D0000114D42EA814301F04F0148BF44F0806415
:102D100025402B4343EA8C5343F0805343F4004354
:102D2000BB51437EC28023F04F0319434176007E9E
:102D30000123064A83400020D2F81C180B43C2F836
:102D40001C38F0BD0009084000F833FC00000840C2
:102D5000437E8A88DB06C97801F0030101D5FFF7BD
:102D6000C5BFFFF78FBFFFEC417E027ECB064FEA67
:102D700042124CBF084B094B890713441A6822F4CE
:102D8000001248BF42F080521A60437E23F00803CD
:102D900043760020704700BF00090840000B084040
:102DA00001F07F03F0B5EFF3118400218025EFF3EC
:102DB000108172B685F3118881F310888718FD7C25
:102DC00093B1062B0ED801219940294039B18E07C5
:102DD0004FF001031AD49C460133072B06D1E4B20D
:102DE00084F31188002010E02946EFE70CFA03F67F
:102DF0003142F1D025EA0605E4B2FD7484F311886E
:102E00001C214B4322B160331844F0BD0226F1E788
:102E100003F59273F8E710B5C0B1B9B1EFF31182C1
:102E200000238024EFF3108372B684F3118883F3B8
:102E300010884B7E097EC3F30013184401238B4096
:102E4000C17C0B43C374D3B283F3118810BDFFEC74
:102E5000024BD3F80808C0F30D207047000008406B
:102E6000037C61F34103037400207047EFF3118288
:102E700000238020EFF3108372B680F3118883F370
:102E800010880848D0F8043841B123F00203C0F894
:102E90000438D3B283F311880020704743F0020353
:102EA000F5E700BF00000840084601F031B910B551
:102EB000182001F035F9044618B118220021FDF759
:102EC000D4FE204610BDFFEC70B5EFF31186002351
:102ED0008022EFF3108372B682F3118883F3108897
:102EE000037CDA0611D50B4CD4F80838DB070CD577
:102EF000D4F80458052045F0010325F00105C4F875
:102F0000043801F0E1F8C4F80458F6B286F31188E9
:102F1000002070BD0000084070B54B7E05460C4691
:102F20005B070CD422695AB9237E1A485B011958F1
:102F300041F000611950637E62F38203637670BDD5
:102F4000D18819B92046FFF766FEEBE7E388124EF9
:102F50005A1E1144227EB1FBF3F152014B439059AA
:102F600000F06040034343EAC1430A499351237E82
:102F70005B015A5842F004425A50637E43F0040306
:102F80006376237E002BDAD16B7C062262F3071373
:102F90006B74D4E7000B0840100B08401023054A5F
:102FA0001361054B1169C90601D5013BFAD1032014
:102FB000FDF7B1BB00000840400D030040F02000C9
:102FC000054A064B10611169890601D5013BFAD10A
:102FD0000320FDF7A0BB00BF00000840400D030028
:102FE00038B5036904460D4643B1437EDB0606D57A
:102FF000007E8001FFF7E2FF23691BB938BDFFF7B0
:10300000CDFFF9E729462046FFF705FEF4E710B5A6
:10301000EFF3118400238022EFF3108372B682F362
:10302000118883F310886FF06D01E4B2FFF7D8FFC9
:1030300084F31188002010BD70B5437E0446DE067F
:103040003CD5037E3D495B015B581D0434D5EFF34D
:10305000118500238022EFF3108372B682F311886A
:1030600083F31088027E5201535823F4004343F047
:1030700090435350324A037E590102EB43131868C0
:103080008007FCD58B58EDB243F002038B50207EB5
:103090008001FFF793FF207E2A490122D1F81C38D6
:1030A0008240204623EA0203C1F81C386FF06D010C
:1030B000FFF796FF85F31188002070BDEFF31186AE
:1030C00000238022EFF3108372B682F3118883F31A
:1030D00010881C4DD5F8043843F40073C5F8043843
:1030E000D5F804381B07FBD5227E0A201649F6B214
:1030F0005201535823F4004343F090435350FDF7DB
:103100000AFB237E114A02215B01204699500122CD
:10311000D5F8043843F48063C5F80438217ED5F827
:103120001C3810318A406FF06D0123EA0203C5F8A4
:103130001C38FFF755FF86F31188BDE700090840EA
:103140000809084000000840000B0840080B084030
:10315000002882B006DD0023034904330A68984240
:103160000192FADC02B070470010084030B5034607
:103170000B4C1A1D1B1A994200DC30BD2368C3F3A7
:10318000072502F8043C02F8035CC3F30745C3F3C8
:10319000076302F8025C02F8013C1346E9E700BF4E
:1031A00000100840F0B5057E1F4F6D01EB5903F08C
:1031B000004392B3C688541E3444B4FBF6F4467EF2
:1031C000134306F0030643EAC443012E174E08BF1B
:1031D00043EA4473EB51457E047E05F00305640128
:1031E000012DA35908D1124DD5F80858ED0554BF4B
:1031F00043F0805343F0005323F08043033243F005
:1032000004439210A351037E00201B0303F180436B
:1032100003F50123824202DCF0BD0124CFE751F81F
:10322000204001301C60F5E7100908400009084003
:1032300000000840F8B50D6907460C465DB90B7EE5
:1032400030495B015A5842F000625A50637E65F380
:1032500082036376F8BDEB881BB94B7E43F04003D5
:103260004B762A89EB889A4208D3617E480605D4BA
:1032700020460021BDE8F840FFF7CDBC9B1A627ED6
:10328000002B22F04002627602DDE6889E4212DDCB
:103290001E46217E1C4B4A01D358F21C9BB2B3EB55
:1032A000A20F11DA194A0123D2F834088B400343E4
:1032B000C2F83438CEE7ECD12A79D207E8D5627E5D
:1032C00042F040026276E3E72B89324629682046C5
:1032D0001944FFF767FF637E43F004036376237EA0
:1032E00023B97B7C052262F307137B742B891E4470
:1032F000EB88B6B2B3422E81ACD8637E5906A9D40E
:10330000B6E700BF0009084018090840000008405F
:10331000184A38B50346C0688A60EFF3118400226A
:103320008025EFF3108272B685F3118882F310883E
:103330005A7E12F0080219D11D694A614DB95A7EB0
:10334000C3E90411510708D50020E4B284F31188C1
:1033500038BD5A6951615961F6E71946D30602D55D
:10336000FFF768FFF0E7FFF7D7FDEDE76FF00F001D
:10337000EBE700BF000089FF054B064AC3F8102B9E
:10338000D3F8002B42F00442C3F8002B704700BF73
:10339000000008401800086010B504466030FFF7D0
:1033A00001FF0422637C62F307136374BDE81040DD
:1033B000FFF7E2BF00221146FFF7EEBF344A0020BC
:1033C0002DE9F047D2F80438324C23F00103C2F85B
:1033D0000438FFF7F3FDE06818B103682146DB68A5
:1033E0009847FE232C4E2D4F00254FF0FF0A4FF03B
:1033F0001C09E374237509FB05483046C7F800A093
:103400006FF06D01C7F800A20135FFF7E9FD98F8EC
:10341000793006F1C4006FF06D0123F04C032037C2
:103420001C3688F87930FFF7DBFD98F83D31072D21
:1034300023F04C0388F83D31DDD1154B4FF0FF32BE
:1034400000211548C3F818284FF00112C3F81C28B2
:103450000B22C3F81428C3F81028D3F8002822F44C
:10346000FE62C3F800284022238A23F4706323F00D
:103470000403238202232372FFF738FC4022002139
:103480000748FFF7FFFBBDE8F047FFF775BF00BF38
:1034900000000840440B0024A40B00240809084045
:1034A000680C002438B5124D0446D5F8043843F4AE
:1034B0000073C5F80438D5F804381B07FBD5227E05
:1034C0000A200C495201535843F0804343F400133F
:1034D0005350FDF720F9D5F80438002043F48063F9
:1034E000C5F80438637E43F00803637638BD00BF37
:1034F00000000840000B0840427E0346D20601D47B
:10350000FFF7D0BF027E06485201115841F4001166
:10351000115000205A7E42F008025A76704700BFD0
:103520000009084010B5EFF3118400238022EFF367
:10353000108372B682F3118883F3108829B1FFF7E4
:1035400013FCE4B284F3118810BDFFF7D5FFF8E750
:10355000F8B5437C044603F0F003202B40F0AC8028
:1035600000F592756FF046012846FFF739FD6FF0C0
:10357000460104F16000FFF733FD94F83D31A77D6B
:1035800023F00803B4F81760E07D84F83D3194F827
:103590007930B4F8191023F00803B4F81B2084F82C
:1035A0007930238A23F001031B051B0D43F440539C
:1035B0002382637D13F0600F05D004F115012046CE
:1035C000FFF747FB5BE00C2F26D80FF2080C5CF8E6
:1035D00027F000BF09360008C13600081936000878
:1035E0001937000819360008B737000805380008F1
:1035F000053800080D38000829380008BB350008D8
:10360000BB3500087F360008207C470704D5022A16
:1036100002D11F0600D526B1237C43F00103237499
:103620002DE003F01F03012B47D0022B0CD0002B01
:10363000F2D10029F0D1C0F30013C0F34000A1770C
:1036400040EA4300607715E001F07F03062BE3D8E2
:10365000C3EBC3030A064FF002024FEA83034CBFD9
:10366000603303F5927323445B7EC3F3C003637737
:103670000023A37704F11D012046FFF78DFE237C74
:10368000DB0716D594F87830284676495B015A58FE
:1036900042F400125A5094F8793043F0080384F849
:1036A0007930FFF7FFFE237C43F001032374FFF71B
:1036B00063FE0023A4F85E30F8BD6677A677D9E7ED
:1036C000207C4707A8D5002AA6D103F01F03022BB0
:1036D00017D1002E7FF471AF01F07F0006283FF66E
:1036E0006CAFC0EBC0000E064FEA80004CBF6030EC
:1036F00000F592702044FFF737FB2046FFF75AFE93
:10370000BDE7002B7FF459AF012E7FF456AF03467F
:1037100062F304132374F0E7277C78077FF57CAF0E
:10372000002A7FF479AF03F01F03022B12D1002E81
:103730003DD101F07F00062839D8C0EBC0000A0651
:103740004FEA80004CBF603000F592702044FFF7D4
:10375000D3FED2E75BBB012E03D147F010072774DD
:10376000CBE7022E23D1CBB20BBB090AA37C0139D4
:10377000042914D8DFE801F0030B0D0F110001221A
:1037800062F30303A374237C43F02003C2E7022205
:10379000F6E70322F4E70422F2E70522F0E723F03C
:1037A0000F03A374237C43F001032374EBE73B076F
:1037B0007FF532AF01E7DF067FF42EAF0A437FF4D7
:1037C0002BAF7F2E3FF628AF637C03F00F03022B55
:1037D0003FF422AF244AD2F8003823F4FE6343EAD0
:1037E0000013C2F8003858B90246930043EA022396
:1037F000228A22F4706222F00402134323827CE7BF
:103800000122F2E7DE067FF407AFD6E6207C400710
:103810007FF502AFDB067FF4FFAE0E437FF4FCAE14
:10382000012A7FF4F9AEC8E6207C47077FF5F4AEA5
:10383000D8067FF4F1AE0A437FF4EEAE04F1150131
:103840002046FFF706FA00287FF419AF228AF6B265
:10385000064B13401EB143F4027323820FE743F477
:103860008073FAE70009084000000840F7F0FFFF06
:103870002DE9F04F85B0DFF8B092D9F81440D9F8AF
:10388000181041F4403242F4407222400C4022F0C1
:10389000E96222F4E02222F47D7222F00102C9F8EA
:1038A000142000F09D80270300F19E80660313D54D
:1038B000DFF87492D9F81838D9F81C2813409BB255
:1038C0000193002B40F03A81D9F81838FF21954A2E
:1038D0009BB2002B40F02081002C12DA924A012189
:1038E000924DD2F80438284623F00103C2F8043878
:1038F000FDF714FAE86820B103685B690BB129464B
:10390000984721050AD58949C86818B103681B6919
:1039100003B1984700218548FDF700FAE20659D522
:10392000814B1D6A05F00F09B9F1060F52D805F455
:10393000F012B2F5002F00F0A781B2F5402F00F091
:10394000B181B2F5802F45D1C5F30A15002D41D0C4
:10395000DFF8D8811C2606FB0986D6F83471002FC3
:1039600040F07D8196F83CA1BAF1000F40F07381E0
:10397000D6F830717B7C03F0F003102B40F06B81A4
:10398000402DAB4607F11D00A8BF4FF0400B1FFABA
:103990008BF10191FFF7EAFBA5EB0B00FFF7D8FBDA
:1039A00096F83D31022238466AF3820386F83D31AB
:1039B0007B7C62F307137B740199A7F85E10FFF715
:1039C000C7FD1C2303FB098898F83D3123F004034D
:1039D00088F83D31564B1C4200F07981FFF7EEFC30
:1039E000002005B0BDE8F08FD9F81868D9F81C2878
:1039F0001640360C0ED1D9F81838FF214D4A1B0C51
:103A0000002B3FF453AFDD0701D5106811605B0850
:103A10002032F5E7DFF820810027A8F59275F0073E
:103A200040D5444B4FEA471A5AF80310D9F81428E6
:103A300001EA0203D90701931ED501223D4B4AF842
:103A400003206A7C002F44D102F0F002602A13D1D7
:103A5000D5F834216ABB95F83D2167F3820285F8D9
:103A60003D2195F83D2112F0040105D1FFF784FCBA
:103A70006A7C61F307126A74019B9A0703D50222DC
:103A80002C4B4AF80320019B1B070BD56A7C02F0E4
:103A9000F002202A02D12548FFF75AFD0822254BC3
:103AA0004AF80320760807F1010708F11C08B6D18F
:103AB000FCE639462048FFF7AEF895F83D211E494F
:103AC00067F38202A1F5927085F83D21FFF724FA91
:103AD000C7E702F00F02022ACED1D8F810104FF03B
:103AE0001C0B41B90BFB075B9BF83D2161F3820284
:103AF0008BF83D21C0E70BFB075B40460021FFF739
:103B00008AF89BF83D214146084822F004028BF8D0
:103B10003D21FFF701FAAFE7D80700D511605B0838
:103B20002032D6E60809084000000840440B002473
:103B300000108000080B0840680C0024704F4FF004
:103B40000008A7F1600A019BDA0773D50121D9F8B3
:103B50001028D9F834584FEA481B01FA08F32B42D1
:103B60000293684B18BF42F080025BF80360164076
:103B700016F0010303933BD0029B012225EA0305C3
:103B8000604BC9F834584BF803209AF81120B8F16B
:103B9000000F57D102F0F002502A10D15849A1F17C
:103BA0006000FFF747FB9AF87920530707D4FFF727
:103BB000E3FB9AF8112068F307128AF811209AF8AB
:103BC0001010880614D5504B21F020019AF81220CD
:103BD000D3F8040802F00F0E22F00F0200F070007C
:103BE00040EA0E10C3F804088AF810108AF8122070
:103BF000320703D50822434B4BF80320F30607D5C1
:103C000039465046FFF716FB10223E4B4BF8032077
:103C100030060FD5039B4BB9029B39463A4A25EA39
:103C200003053A48C2F83458FFF704FB8022354BAD
:103C30004BF80320019B08F101081C375B08019336
:103C400081D149E602F00F02022AD1D139462F482C
:103C5000FFF7F0FACCE72846FFF77AFAB1E63889A1
:103C6000FE883B68361A1844AE42A8BF2E461FFA9B
:103C700086F84146FFF77AFAA81BFFF769FA3B89F5
:103C80009844A7F80880A5E6204A527C02F0F0028A
:103C9000102A7FF49FAED3F8002B42F08062C3F865
:103CA000002B97E61A480821FFF760FA90F90010F8
:103CB000A0F11503C288002906DB2AB15A7C012134
:103CC00061F307125A7485E65A7C0221F8E7A304CF
:103CD0007FF5D1AD0C4BD3F800296FF30A0242F007
:103CE0004002C3F80029D3F8042842F48072C3F8D4
:103CF0000428DA6822F4705242F4C052DA60BAE55D
:103D0000A40B00240809084000000840440B0024CC
:103D1000590B002438B50B4CE060214603681B6842
:103D20009847054618B10023E360284638BD752042
:103D3000FCF730FE01212046FFF798F8022323729A
:103D4000F3E700BF440B002470B50446EFF3118580
:103D500080260023EFF3108372B686F3118883F375
:103D60001088FFF72BFBEDB285F311880E4D20462E
:103D7000236829465B689847EFF311840023EFF32B
:103D8000108372B686F3118883F310887520E4B22D
:103D9000FCF7ECFD00212846FFF768F80846E960CB
:103DA00084F3118870BD00BF440B002470B52B4D07
:103DB000E86808B1FFF7C8FFEFF3118600238022FF
:103DC000EFF3108372B682F3118883F31088002119
:103DD0002248FFF74BF875200C462972FCF7C6FD08
:103DE000752021462246FDF755F81D4BFF204FF068
:103DF000FF32F6B2C3F80809C3F8080BC3F8280964
:103E0000C3F8280BC3F84809C3F8480BC3F868097E
:103E1000C3F8680BC3F88809C3F8880BC3F8A8096E
:103E2000C3F8A80BC3F8C809C3F8C80B4FF48060E7
:103E3000C3F81048C3F81448C3F83448C3F81C4802
:103E4000C3F81828FFF7BAF8FFF7A8F86B7C64F3FB
:103E500003036B7486F3118870BD00BF440B00240C
:103E600000000840894AF8B5D2F80C3823F00073F6
:103E700043F08073C2F80C38D2F80C385901FBD5E6
:103E800083484027FEF796F98248FEF793F9824E61
:103E9000FFF78CFF814B4FF4F47200211846FCF7BA
:103EA000E4FE7F490246034604464FF01C0C42F8EC
:103EB000601B4260FE22C274027500220CFB0241AC
:103EC0001C335E641C6501F1780591F8791041F0AE
:103ED00010016970D1B2013283F85C1061F07F018A
:103EE000072A83F84810697821F003016970A3F864
:103EF0004A70E3D100234021DAB20133C0F82461D3
:103F00001C30072BC0F8144180F8202180F80C21C8
:103F1000A0F80E11F0D1002262497520FCF7BAFF1B
:103F2000002803DABDE8F840FFF740BF5E4C80236D
:103F30005E4DA360E36843F04003E3600320FCF7B9
:103F4000EAFB2369002B01DB013DF7D1236943F034
:103F500001032361554B544C2269D20701D5013B23
:103F6000FAD103200025FCF7D6FBA36B142043F401
:103F70008033A36300F0A8F82368322043F0C00325
:103F80002360E36823F0005343F08043E36000F0D4
:103F90009BF8C4F8005ED4F800384FF4806023F436
:103FA000C053C4F80038D4F8003843F00303C4F811
:103FB000003840F20123636203F59203A3624933A0
:103FC000C4F804314933C4F808314933C4F80C311A
:103FD0004933C4F810314933C4F814314933C4F8B3
:103FE0001831FEF7EBFFFEF7D9FF4FF0FF33C4F8AF
:103FF0001058FF21C4F814582D4AC4F83458C4F896
:1040000018382C4BC4F81C58186820330028ACBF53
:1040100000204FF0084043F8200C43F8105C43F8B0
:10402000181C9342F0D1244B0022FF2023491C6826
:104030002033002CACBF00244FF0084443F8204C40
:1040400043F8102C43F8180C8B42F0D1164B134850
:104050009A614FF0FF325A605969194A21F07F4145
:1040600021F47C0121F47C4121F0FF010A4300216D
:104070005A61144A9A6181229A60FEF7F7FEFFF7AF
:104080009DF97520BDE8F840FCF784BC004002585B
:104090000BA008000CA00800349F0008440B00246B
:1040A000189F00087138000800000840400D030008
:1040B000E009084000090840000B0840E00B0840F8
:1040C0000AFCB0F810380C0082B0002245F26161A1
:1040D0000092009B834201D302B070470192019B82
:1040E0008B4203D9009B01330093F2E7019B01331C
:1040F0000193F4E70A460146034808B500F052F878
:10410000024B186008BD00BF6A9D00082C0D0024FA
:10411000024B0146186800F0C7B800BF2C0D002400
:10412000024B0146186800F01BB900BF2C0D00249B
:10413000024B0146186800F070B900BF2C0D002436
:10414000F8B50D460446164600F05AF805F11F0072
:104150006168AB19082520F00F00012623F00F033A
:10416000A0F11007DA1B1144103AC4E9011740F816
:10417000105CA1684E60A0F1080140F8082CA3F182
:1041800008024D60E26043F8085C50F8083C2046A5
:10419000E2683343536000F05FF82046BDE8F84022
:1041A00000F052B801F10F0370B5A2F5A27423F02C
:1041B0000F034FF4A2720C44184600211D46E41A66
:1041C00003F5A276FCF751FD034600F1200200F54D
:1041D000A071A2F110009A6110321033D8618A42A6
:1041E000F7D1284600F007F8284622463146FFF767
:1041F000A7FF284670BD0122002100F099B9FFEC0D
:10420000104B37B51C6805464CB101A900F0AAF95E
:1042100001980028D4BF0020012003B030BD04F075
:1042200099FA00280CDB284604F0B8F9002801DBD5
:104230000120F2E700F0FEF80368002BF3DCF7E75B
:104240002046EAE704030024024B1B680BB904F084
:10425000F1B970470403002438B5054608680C46D8
:1042600000F015F8421C05EB021205EB0015AB69D6
:1042700023B1196811B12068814205D39460C4E963
:10428000023203B1DC6038BD1A469B68F0E7B0F536
:10429000800F07D203090020012B00D8704701309E
:1042A0005B08F9E71220704770B505460C46A9B1C6
:1042B000FFF7A6FF98B9EFF3118300228021EFF3F7
:1042C000108272B681F3118882F31088D5F84021EC
:1042D000DBB22260C5F8404183F3118870BD54F809
:1042E000043CA4F1080123F0010344F8043C54F811
:1042F000083CCA185068C60713D4CB58D2E9020646
:104300001344B06008B1D668C660126854F8080C4F
:10431000104444F8080C5A6802F0010202435A6043
:104320001A4654F8043CCB1A5868C00710D4D3E995
:104330000210816009B1D868C86054F8081C186878
:1043400008441860516801F00101014351601946A9
:104350002846FFF781FF2846BDE87040FFF774BF8D
:10436000F8B506460F46EFF3118300228021EFF3E4
:10437000108272B681F3118882F310880022D0F87F
:104380004041DBB2C0F8402183F31188002C39D1C1
:10439000002F35D007F1170525F00F05AF422FD8B4
:1043A0003046FFF72DFFB5F5800F32D22846FFF7D4
:1043B0006EFF06EB00108469FCB12368AB42A36872
:1043C00029D3E26893600BB1E268DA602368581B76
:1043D0000F280CD92344611960514D6025605A683B
:1043E00002F00102024330465A60FFF735FF63686E
:1043F000083443F0010344F8043C3046FFF724FF3F
:104400002046F8BD2568214630462C46FFF74CFF74
:10441000BCE71220CDE71C46CEE738B50D46FFF7C6
:104420009FFF044618B12A460021FCF71EFC2046D7
:1044300038BDFFEC08B500F08DFA08B1143008BDA6
:104440000048FCE7300D0024002303600B6813B91B
:104450000860486070474B681860FAE70B680246CE
:104460008BB180B1834208D11A680A604A689A42C7
:1044700009D100234B6070472BB118461B6893424B
:10448000FAD100F00BB870470346006828B1026803
:104490001A6002B95A600023036070470A68034635
:1044A000006852B148B14A6882424FF0000206BF2C
:1044B0004B60114601681960026070470023036079
:1044C0004B6843600A6812B908604860704718601A
:1044D000FBE7002343600B68036013B9C1E90000E8
:1044E0007047586008607047D0E9003232B90B60FD
:1044F00033B94A600023C0E9003370471360F7E71F
:104500005A60F7E70D461646044608B500F02EFA45
:1045100031462846A047FCF7A5FB30B1B2F5004F65
:1045200003D212B20280002070476FF0150070476E
:1045300008B530B1B2F5004F03D212B202800020AC
:1045400008BDFFF777FF162303604FF0FF30F7E752
:1045500028B121B1038800201BB20B6070476FF0B7
:104560001500704710B5FFF7F3FF041E05DA64422B
:10457000FFF760FF04604FF0FF34204610BD1F2995
:104580009FBF012203688A4013439ABF0360002043
:104590006FF0150070471F299FBF012203688A40F2
:1045A00093439ABF036000206FF0150070470346E5
:1045B0000020186070471F299DBF0068C84000F0A8
:1045C00001006FF0150070470FB413B504AB53F83A
:1045D000044B019303F06CFF019A2146503000F028
:1045E0007AF802B0BDE8104004B0704770B50446D8
:1045F00038B300F0D5F80121201D002600F023F883
:10460000012104F1500000F01EF8012104F19C008A
:1046100000F019F8D4F8E85025B9204600F0C8F8A1
:10462000304670BDB5F844309B0703D430462D6842
:104630000646F1E70121284600F005F80028F5DAE2
:10464000F5E70646ECE7F8B5436805460F46002B4C
:104650003EDBB0F844309B073AD500F0BCF86C69FB
:10466000FCB1EE69B44207D1284600F0D4F8EC69F9
:104670006B69E41A2046F8BD2B6A9C4226D1361B92
:1046800032462146686803F04CFC00280DDA95F8A4
:10469000463043F0020385F84630FFF7CBFE04684E
:1046A0006442284600F0B7F8E4E70444361A0FB134
:1046B000002EE5DC6B692644EB61B442D4D0EB6993
:1046C0005A1CEA6114F8012B1A70F6E70024E8E797
:1046D0006FF00804CEE770B586B0044616460D4666
:1046E000014601A800F0C8F8204600F074F82946F9
:1046F000324601A800F05CF90546204600F08BF830
:10470000284606B070BD08B5FDF79AFA002803DA0E
:10471000BDE80840FFF78EBE08BD38B5012204464B
:1047200000212C30FFF704FF4FF0FF35002304F188
:1047300030006563C4E9453300F03CF804F17C00C7
:10474000C4F8805000F036F804F1C800C4F8CC502A
:10475000BDE8384000F02EB838B504462C30FDF7DF
:104760006FFA0023C4F81831D4F814516DB904F16C
:104770003800FFF7C8FF04F18400FFF7C4FF04F11D
:10478000D000BDE83840FFF7BEBF284650F8083BD0
:10479000C4F81431FFF7B7FF2846FFF7B9FCE3E789
:1047A00010B50446204603F0F9FE0028FADB10BDE0
:1047B00003F040BF08B500214FF0FF33012208305D
:1047C00001814360FFF7B4FE002803DABDE808402A
:1047D000FFF730BE08BD70B5044603F0F7FF05468D
:1047E000E368984203D1238A0133238270BD04F128
:1047F0000806304603F0D2FE031E07DAFFF71AFE62
:104800000368042BF5D08C2BF3D05B42002BEDD149
:104810000123E560E9E710B5044603F0D7FF238ADA
:10482000012B0ED1002304F1080023824FF0FF3347
:10483000E36003F0FFFE002805DABDE81040FFF753
:10484000F9BD013B238210BD01210069FFF7FBBECA
:1048500038B504460D462169284600F0B3FD013005
:1048600003D0E3680133E36038BDFFF7E3FD03687D
:10487000042BF0D0F8E7FFEC094B03604B6963B100
:10488000B1F84430074A13F4807F074B08BF134642
:1048900083600023C0E903317047024BF8E700BF93
:1048A000514800080154000849480008421E11F808
:1048B000013B02F8013F002BF9D170470B4610B5C0
:1048C00062B913F8012B002AFBD104E013F8014B65
:1048D00000F8014B14B9581A013810BD013AF5D14E
:1048E0000270EEE703461A46013311780029FAD127
:1048F000101A704710B5024404460139904205D0A1
:1049000011F8013F00F8013B002BF7D1121A0021EA
:10491000FCF7ABF9204610BD30B50C4B0025D3E9B0
:1049200000428A4208D0A14206D0013508331F2D2B
:10493000F5D10C464FF480528368C46123F4805350
:1049400023F00F0313438360002030BD509F000805
:10495000C06970471FB5002001A903F0C3FD0028FE
:10496000ACBF0298002005B05DF804FB2DE9F041D2
:104970000A4D2B6843B90A4C0A4E0B4FDFF82C80C6
:10498000B44203D101232B60BDE8F08154F8043B0D
:10499000BB42F5D34345F3D29847F1E7340D0024E9
:1049A0004CA200084CA20008000000084CA200081D
:1049B00007B5009200220B46114600F003F803B041
:1049C0005DF804FB2DE9F04F8FB004460025DDF8BB
:1049D00060B01978002900F00084252907D0013340
:1049E0000293236820460135D9469847E9E393F8B6
:1049F00001A09A1CBAF1250F0292F2D000273E4680
:104A0000B846B8F13F0F48D8BAF12B0F3AD010D8BA
:104A1000BAF1200F38D0BAF1230F3BD0BAF12A0FE8
:104A200058D118F4807F5BF8043B4AD023EAE3773F
:104A300007E0BAF12D0F2AD0BAF1300F30D148F08B
:104A40000108029B13F801AB0293BAF1000FD8D111
:104A5000AAF14503022B00F297800AF1200A48F4DC
:104A600000585FFA8AFA18F4807F08BF0627BAF167
:104A7000650FF9B240F09E80013148F48048C9B218
:104A800000229FE048F0020848F00408D9E748F007
:104A90000808D6E748F01008D3E7B8F5007F24D21D
:104AA000AAF13003DBB2092BB8D818F4807F4FF09D
:104AB0000A020ABF48F0800802FB073702FB0636ED
:104AC000BFE7002BA7BF48F080081E465E4248F0B3
:104AD0008808B6E7BAF12E0F40F0768318F4807F8D
:104AE00040F07B8348F48078ABE7BAF17A0F0FD0BF
:104AF000BAF1740F0CD0BAF16A0F06D128F48068AD
:104B00001FFA88F848F420689BE7BAF16C0F0BD1C4
:104B100018F4007F18BF48F4006828F480681FFA72
:104B200088F848F400788CE7BAF1680F0BD118F4D4
:104B3000806F18BF48F4006828F400781FFA88F8DE
:104B400048F480687DE7BAF1700F81D128F42068BD
:104B50001FFA88F848F400780AF0DF03532B40F07E
:104B6000C481D946A24B59F804ABBAF1000F08BF73
:104B70009A4618F4807F504614BF39464FF0FF31F3
:104B800000F040FC07460FE0AAF16503022B7FF618
:104B90006AAFBAF1630FDFD1D94601270DF1200AC0
:104BA00059F8043B8DF8203018F0080F40F08F8141
:104BB000B04686E1BAF1660F7FF462AF0A4648F468
:104BC00000480F210BF1070B0F2908A82BF007094C
:104BD00028BF0F21B9EC020B00F032FB9DF8243006
:104BE000DDF820B003F00902012A38D018F0020FD6
:104BF00038D1C8F3800A4FEA4A1A13F00C0F3ED09E
:104C0000BAF1000F0CBF03230423B3420CDA18F0EF
:104C1000080FA6EB030608D137462368202120465B
:104C20009847013FF9D135440026BAF1000F04D06E
:104C3000236851462046013598479DF8243008F4F2
:104C400000586C4F13F0080F6B4B08BF1F463B46D4
:104C50009A461AF8011B41B9EF1BFD18A9E04FF065
:104C60002D0ACAE74FF02B0AC7E7B8F1000F01D0B1
:104C70002039C9B22368204698475346E8E7C3B2B3
:104C8000B8F5804F01931AD21A4608A905330B4490
:104C9000019919B113F8011D302929D01BF1040F16
:104CA0002BDB934529DABBF1000F48F4004802DB07
:104CB000019B9B4524DA0BF10107019BDF1B0FFAD7
:104CC00088F3002B0393B6BF2BEAEB730523013364
:104CD000BAF1000F00D00133A7B17A1C1344B342DC
:104CE000B4BFF31A002318F0090F1FD11E4614E0B9
:104CF00001990139C9B20191CAE7019B5F1EDEE744
:104D00000027DCE718F0100F18BF0133E7E7202178
:104D100020460493013E9047049B2268002EF6D162
:104D20001D44BAF1000F05D1B24648E01E46BAF163
:104D3000000F04D02368514620460135984718F0EB
:104D4000080FF1D0039B002B58DA2BEAEB7A7B4259
:104D5000ABEB0A020493019B0AF1FF3A04999A42D1
:104D600036BF08AB3027D31802F1010238BF5F7994
:104D70006B1C8A450393236826DA18F0100F06D0BF
:104D8000BAF1FF3F03D12E2120469847039DD3451A
:104D90000AD19DF82530352B28D805D19DF824302F
:104DA00013F0100F08BF312701352368394620461C
:104DB0009847374602E2013E302120469847236853
:104DC000002EF8D15544BDE7394620460592984754
:104DD000BAF1FF3F059A07D1AB1C2E212046059260
:104DE000039323689847059A039DB4E73127DBE7CF
:104DF00048A00008739D00086F9D00089DF82510CD
:104E0000204631291EBF9DF8243023F010038DF871
:104E1000243023689847002F23683BDD2E2120464D
:104E200098470122023592460199204623680135B0
:104E300051450AF1010A88BF38325FFA8AFA92BFF7
:104E400030216A4412F8131C984757455246EBDA52
:104E500018F4005F236820460CBF65214521984760
:104E6000BBF1000F04DB1FD19DF82430DB061BD5FE
:104E7000CBF1000B2D212368204698473021BBF150
:104E8000090F13DC236820469847043523680BF18B
:104E900030018CE718F0100F01D10135D8E72E2131
:104EA000204602359847D3E72B21E4E70131ABF1E7
:104EB0000A0BC9B2E3E708F1FF3823682021204636
:104EC00098474745F7D335444646A5EB08050AEB16
:104ED000070806E0236820461AF8011B984706B128
:104EE000013EC245F6D13D4463E7BAF1640F08F4D0
:104EF000206302D0BAF1690F7BD1B3F5206F63D183
:104F00000BF1070B2BF0070BD946DBF8041059F80F
:104F1000080B28F4805B00292BF0100B06DA4042C6
:104F20004BF4805B61EB41011FFA8BFB1BF4807F2C
:104F300004D01FB950EA010300F0CA800DF1200A25
:104F40000A23524600F04EF9A0EB0A005FFA80F8FF
:104F50001BF4807FCDF8048000F0BC802BF0010AA8
:104F600047451FFA8AFA40F3B88044F21002FBB2B8
:104F70000BEA0202102A03D12BF0110B1FFA8BFA55
:104F80001AF0100F00F0B38008F138026A4412F8EA
:104F9000192C302A40F0A3802AF4C04A2AF0100AC3
:104FA0001FFA8AFA1AF0080F40F0B2801AF0010FC7
:104FB00006D09E4240F3C680F31A03EB0807F3B213
:104FC0005B1B5FFA83FB9EE0D94618F4007F59F81B
:104FD000040B4FEAE0719CD118F4806F99D018F45B
:104FE000006F0BBF40F3C03140F3C01100B240B2BC
:104FF0008FE7B3F5206F1DD10BF1070B2BF0070BDB
:10500000D946DBF8041059F8080B28F0060BBAF162
:10501000580F1FFA8BFB47D0AAF16F03DAB2092AA7
:105020004AD8092B48D8DFE803F0512747474747BC
:105030001847473818F400710BF10409DBF8000039
:1050400001D00021E1E718F48063FAD018F400637E
:1050500001D180B2F5E7C0B2D7E728F016080A23DD
:105060001FFA88FB1BF4807F03D017B950EA0102B6
:105070002ED00DF1200A64E7029B1B78562B0AD133
:10508000029B0133029343681A6807920168204625
:10509000FFF78EFC95E04BF0100B1BF0100F01D0CA
:1050A0004BF4804B1023DDE718F0100F01D04BF4C8
:1050B000C04B4FF40473D5E7236820462521023501
:1050C000984723685146204698477AE00823C9E765
:1050D000B8463DE74346DA4652E7434650E71AF4FE
:1050E000804F01D1013300E00233DBB25AE741F2D5
:1050F00006021AEA020F3FF455AFF3E723682021B6
:105100002046013598470BEB0503DBB29E42F5DCE8
:105110009E42CCBFF61A00261AF0100F14D0236856
:105120003021204698471AF4804F33D01AF4005F9C
:1051300005F1020523680CBF7821582120469847C5
:10514000BA4619E047463BE741F206031AEA030F65
:10515000F6D01AF0020F05F10105236814BF2B21C8
:1051600020211AF4805F18BF2D21E7E70AF1FF3AEA
:105170002368302120469847C245F7DCA7EB080397
:105180004745B8BF00231D44B8F1000F04D1019B6F
:105190001D440EE60135D3E708F1FF330EAA204681
:1051A00052FA83F25FFA83F8236812F8181C9847C2
:1051B000EAE7013F2368202120469847002FF8D1D5
:1051C0003544CB46029B04E4BAF17A0F3FF4A5AC18
:1051D000BAF1740F7FF48FAC9FE428460FB0BDE89E
:1051E000F08F00BF2DE9F84313F400791C46064602
:1051F0000F4618BF23F40074154618BF4FF001097D
:105200004FEAE478304639462246434603F0FAFE38
:10521000092AB4463B4606460F4609DC3032A4450F
:1052200005F8012B73EB0803ECD22846BDE8F883A0
:10523000B9F1000F01D03732F1E75732EFE7FFEC59
:105240002DE9F74F10EE904A07460E4614F0004441
:105250001CBFB1EE400B0124B5EE400BF1EE10FA8D
:1052600011D121EAE1720530302144F00204FBF74C
:10527000FCFC0025BB19002230465A713C713D6090
:1052800003B0BDE8F08FB4EE400BF1EE10FA02D798
:1052900044F00804EDE79FED407BB4EE470BF1EEE0
:1052A00010FA02DD44F00404E3E79FED3D6BB4EE39
:1052B000C60BF1EE10FA14D43D4908230F25012046
:1052C00031ED027B20EE077BB4EEC67BF1EE10FAE7
:1052D00004DB00FA03FCB0EE470B6544013BEFD260
:1052E00016E09FED316B334908230F25012031ED86
:1052F000027B20EE077BB4EEC67BF1EE10FA05D5FB
:1053000000FA03FCB0EE470BA5EB0C05013BEED217
:1053100032B125EAE57301331A449642A8BF164616
:10532000254B03EBC60393ED007B30EE070B9FED9F
:105330001E7BB4EEC70BF1EE10FA04DBB2EE047B79
:10534000013580EE070B07F1040BDFF87090DFF8F2
:1053500070A051EC100B03F06FFE6FF00303884652
:105360000090DB1B0193019B5B449E4282DD4A4619
:1053700053460098414603F045FE303051460092B6
:105380000BF8010F984648460A22002303F03AFE24
:1053900081468A46E7E700BFFFFFFFFFFFFFEF7F81
:1053A00000003426F56B0C430080E03779C341439D
:1053B00018A1000860A1000850A000080080C6A441
:1053C0007E8D030037B50A468DF8070004460D466A
:1053D0000DF10700012100F021F800280BDD0A2C57
:1053E0000BD195F846305B0707D501212846FFF71A
:1053F0002AF9002801DA4FF0FF34204603B030BD0F
:10540000002070470246014410B58A42134603D07B
:105410001C780132002CF8D1181A10BD2DE9F0418A
:1054200006460F46154642B9FFF704F84FF0FF3421
:10543000092303602046BDE8F081B2F844309B07A1
:105440000CD4FEF7F7FF092303604FF0FF3495F803
:10545000463043F0020385F84630EBE753693BB929
:105460000A460146686802F05CFD041EE2DAECE7D9
:105470001046FFF7B0F9284600F045F8002807DA93
:105480004FF0FF342846FFF7C6F9002CD2DADEE7EA
:10549000D5E90640241A202C01D11F2F23D8BC4265
:1054A000314628BF3C462246A7EB0408FBF7C8FA62
:1054B000EB69AA69234434449342EB610CD2B8F1FE
:1054C0001F0F13D942462146686802F02AFD0028C2
:1054D000D6DB0444A41BD5E700212846FFF7B3F828
:1054E0000028ECDACCE73446B846EBE7B8F1000F19
:1054F000F0D021464246E869F419FBF7A1FAEB69BE
:105500004344EB61E6E710B5044630B9FEF792FF7D
:10551000092303604FF0FF3010BD4369E3B1FFF78B
:105520005AF9206A6269904213D0E36994F84710EF
:105530001B1A2046C4E907220022591A84F8472082
:10554000012200F00BF8002803DA2046FFF763F988
:10555000E0E72046FFF75FF90020DDE700F000B844
:1055600070B504460D461646FFF7CDFF002802DA57
:105570004FF0FF3070BD204600F010F80028F7DB38
:10558000002332462946606884F8473002F0ABFBBE
:1055900001304FF0FF3018BF0020EBE7426932B115
:1055A000B0F844309B0702D50121FFF74CB800202A
:1055B0007047022901D100F041BB704708B5094B83
:1055C0001B7813F0FD0F02D04FF0FF3008BDC3076A
:1055D000FAD500F069FB0028F6DB034B02221A70B3
:1055E000F4E700BF4E1200244D12002410B5084C01
:1055F000606003F0A1FEFFF7E1FF002804DB054A2D
:1056000013680133136010BD6368002BF1D1FAE712
:105610003C1200243812002408B5FFF7E7FFA0F180
:1056200020035842584108BD73B5044601AE002519
:105630006420FFF7DBFF002807DB013506F8010BCC
:10564000042DF5D1019B0020236002B070BDFFEC5A
:10565000034B1B78022B01D100F04CBB704700BFFD
:105660004E12002410B5114C236801331DD062681E
:105670000F4B9A4219D90F4B9B6803F1006303F556
:1056800000339A4211D203F0B3FE03F07FFE00F024
:10569000FFFA03F089FE03F051FE204603F0C2FE3C
:1056A0002046BDE8104003F069BF10BD00000208AD
:1056B000FFFF0108AC00002410B500230B4C54F888
:1056C000232022B154F82320013A44F82320013347
:1056D000042BF4D1064B1B7833B9A36823B90220FD
:1056E00003F03AFF3223A36010BD00BF3C12002438
:1056F0004C120024024BD860DA68002AFCD17047B3
:105700003C1200242DE9F04FAE4B8FB00025074628
:10571000DFF8BC821D700395DFF8C4A2D8F80840FA
:1057200003F020FE0FB1CAF80070DFF8B8924FF016
:10573000FF36CAF8085089F80050012003F002FF34
:1057400027B1DAF80030002B00F06B820020FFF761
:105750004DFF0490049B002BF2DB012003F0E8FED8
:10576000049B213B1F2BE8D801A252F823F000BF75
:105770006F58000885580008F15700083B5700088B
:105780003B5700083B5700080F5900083B570008DB
:10579000AD5900086B5A0008995A0008D95A0008F8
:1057A0005B5B0008FB5A00082B5B0008C55B000828
:1057B0004F5800083B5700083B5700083B5700086C
:1057C0003B5700083B5700083B5700083B57000871
:1057D0003B5700083B5700083B5700083B57000861
:1057E0003B5700083B5700083B570008ED5800089E
:1057F00000250220FFF710FF002800F00782039B1E
:1058000003F00303032B40F0018201234FF0000B50
:10581000022089F8003003F08BFE03F0F4FD5846B7
:1058200003F005FE0446002862D1022089F800003A
:1058300003F088FED8F80830A34260D8039B002408
:1058400043F0040389F800400393CAF808405D4A16
:10585000137813B95C4B1B78137041F212030221C9
:1058600006A80027ADF81830FFF7F2FE65E7022022
:10587000FFF7D2FE002800F0C981039B43F001032B
:105880000393E4E74FF47A70FFF7B0FE051EC0F211
:10589000BD810220FFF7C0FE002800F0B781681E1E
:1058A000042800F2B381DFE800F0030B0E111400AE
:1058B00004214648FFF7CCFE039B43F00203DFE7D9
:1058C00004214348F6E704214248F3E70421424813
:1058D000F0E71C252846043503F0C5FD0421069099
:1058E00006A8FFF7B5FE2C2DF4D1E5E7012580E7EA
:1058F000584629460BF1010B03F09FFD8FE7204628
:1059000003F0B1FD013040F05481043492E73220BD
:10591000FFF76CFE051EC0F2798115F0030240F01E
:1059200075812B19D8F808108B4200F26F81B5F5FC
:10593000807F00F26B81DFF8A4B05946AA4214D1EF
:10594000C820FFF769FE002800F0608124B9234BCE
:105950004FF0FF321E681A6025F003052544AC4263
:1059600015D1039B43F008038AE74FF47A70CDE921
:105970000021FFF73BFE049004980028C0F2468106
:1059800004980199009A01F8010B0132D6E7DBF87F
:105990000010204603F061FD204603F064FD5BF833
:1059A000042B904240F005810434D8E70220FFF731
:1059B00033FE002800F02A810025DFF82CB02F46A6
:1059C00044E000BF4E1200244D12002460A10008E4
:1059D000AC000024B0000024B400002438110024DE
:1059E0003C1200244C120024380D00240DB9711C07
:1059F00039D1284603F037FDDBF804300690BBB9F7
:105A0000DFF830C21A46082142F30000013920F0C5
:105A1000925020F4EF2020F49B6020F0070080EAF1
:105A20005202F1D101334CF8042BB3F5807FE9D158
:105A300006A9002211F8013B01327B40042ADBB2A7
:105A40005BF8233083EA1727F4D10435D8F80830FF
:105A5000AB42CBD8042106A80697FFF7F9FD039BBC
:105A600043F010030CE73046C6E7002305A8059372
:105A7000FFF7DAFD002840F0C9800220FFF7CCFDD7
:105A8000002800F0C380059803F0F7FC042106907D
:105A900006A8FFF7DDFDDAE6002305A80593FFF76A
:105AA000C3FD002840F0B2800220FFF7B5FD0028BA
:105AB00000F0AC800598820740F0A880082800F22A
:105AC000A58003F02DFD0421069006A8FFF7C0FD78
:105AD000039B43F04003D3E60220FFF79DFD00281F
:105AE00000F0948003F0CCFC0421069006A8FFF798
:105AF000AFFD039B43F08003C2E60220FFF78CFD5D
:105B0000002800F0838006A9142003F0BFFC05469E
:105B10000421059005A8FFF79BFD294606A8FFF77D
:105B200097FD039B43F48073AAE60220FFF774FD00
:105B300000286BD020223C490D2506A8FEF7DAFE8E
:105B4000042105A80595FFF783FD294606A8FFF760
:105B50007FFD039B43F4007392E66420FFF746FD4C
:105B6000002853DBC5B21E2D50D80220FFF754FD8C
:105B700000284BD04FF4D07003F075FC83464FF4EF
:105B8000D27003F070FC294B9B453FD1284B9842C3
:105B90003CD1DFF8A4B04FF4D07045EA0B0B594666
:105BA00003F05BFC4FF4D07003F05DFC58453FF40C
:105BB0004EAE41F21213022106A8ADF81830FFF7DD
:105BC00047FDBAE54FF47A70FFF726FDF0B1731C7C
:105BD0000DD141F2120306A80221ADF81830FFF7EB
:105BE00037FD64200FB0BDE8F04FFFF783BD039B86
:105BF00003F01B031B2B09D13146002003F02DFCC1
:105C0000002003F030FC8642E3D0D2E741F21233A9
:105C1000022106A8ADF81830FFF71AFD0023039300
:105C20008BE50FB0BDE8F08F779D0008FFECC292C6
:105C30005D7D05C5380D002400ECC29238B50F4BD0
:105C40000F4C002808BF184603F032F90D492060B8
:105C500003F03CF90C4B00B118604FF0FF320B4DD4
:105C6000432118682A6002F0EDF8002805DB28605F
:105C70002068BDE83840FEF74BBA38BD239D0008C8
:105C800050120024859D000854120024780000243E
:105C900010B5044C206801F0ABFE4FF0FF332360D9
:105CA00010BD00BF7800002413B50F4C2368002BF3
:105CB0000FDA0E4B4321186802F0C4F8002803DA0B
:105CC0004FF0FF3002B010BD094B20601868FEF79E
:105CD0001FFA01220DF10701206802F0EDF80128FA
:105CE000EED19DF80700EDE778000024541200245F
:105CF00050120024024B0A460146186802F011B9FE
:105D00007800002403464FF604720846934210B50B
:105D100013D04FF60C72934212D04FF60172934299
:105D200024D1FAF7EDFF0028044613DA6442FEF7A7
:105D300081FB04604FF0FF340CE003F0FFFCF2E75E
:105D40000B78012B15D14B78012B05D0022B08D0F5
:105D50007BB90024204610BD4968807801F066FBBD
:105D6000E1E74B68186801F0DFFBF2E76FF0180419
:105D7000DCE76FF01504D9E708B500F083FDBDE856
:105D8000084000F013B8002070471046704708B56F
:105D90004AB14B688A6803F0050313438B6013B163
:105DA000086902F009FC002008BDFFEC00234FF455
:105DB000DB720249024802F04BBA00BF64A100083E
:105DC000879D000870B504460D46A36B2046DB6A2C
:105DD00098470028F9D0A36B294620465B6ABDE8A6
:105DE000704018472DE9F74F458C0446B0F926302E
:105DF00088462DB24FF0800901920135AB42D8BFE1
:105E00000025A28C12B2AA420AD0638C2DB2A26ADB
:105E100000201BB202F80380658403B0BDE8F08F58
:105E2000019B002B30D0EFF3118AEFF3108772B68D
:105E300089F3118887F31088A28C12B2AA421ED16E
:105E4000E27802F0FF0BE2B90121A26B20466170FB
:105E5000926A904704F11A0002F066FBA26B0646B4
:105E60005946926A204690475FFA8AFA8AF3118867
:105E7000E27862B9002EC4DA6FF00300CDE70026A5
:105E8000F2E76FF07F06EFE76FF00A00C5E76FF00B
:105E90007F00C2E72DE9F74F836880460E460192E6
:105EA0005C6904F12C0A504602F03EFB051E1FDB24
:105EB00000254FF0800B019B9D4204D2E378DBB1BB
:105EC0000DB96FF07F05A36B012120469B699847B0
:105ED000E28D238E12B21BB29A4206D1A36B1B6ACB
:105EE0001BB10022204611469847504602F064FB41
:105EF000284603B0BDE8F08F238EE28D19B212B2AE
:105F00008A421ED0626B0133525C1BB2B4F932106C
:105F10009942D8BF00232386E36813F4E07F05D0BD
:105F20000A2A07D113F0400F18BF0D22013506F8D9
:105F3000012BC0E70D2AF9D113F4807F18BF0A2284
:105F4000F4E7002DBFDCD8F80830002B4BD0D8F890
:105F5000001011F0400149D1EFF31189EFF31087E0
:105F600072B68BF3118887F31088A26B20465FFA14
:105F700089F992699047E18D228E09B212B291425D
:105F800029D1A26B0121204692699047E18D228E92
:105F900009B212B2914202D089F311888BE7E278FC
:105FA000B2B9012204F11C00A27002F0BDFA89F31B
:105FB0001188002803DBE378002B3FF47CAF002D31
:105FC00081D1E378002B7FF47CAF6FF003057AE793
:105FD0006FF07F00EBE789F31188A36B0121204666
:105FE0009B69984767E76FF050056CE76FF00A050B
:105FF00069E72DE9F04183685E6906F118052846D6
:1060000002F092FA041E23DBF378002B36D13378AA
:10601000013313F0FF0734D0012F2DD1EFF3118896
:1060200000238022EFF3108372B682F3118883F38A
:10603000108833795FFA88F86BB9B36B30461B6808
:106040009847041E07DA88F31188284602F0B4FA4C
:106050002046BDE8F081B36B30469B689847041E2C
:10606000B36B03DA5B6830469847ECE79B69012124
:106070003046984788F311883770E6E76FF07F0461
:10608000E3E76FF01704E0E7F7B50E4600F13C07D1
:1060900000F14C0557F8044F8CB16368A26843F0D7
:1060A000180333401343A3604BB101A92069FEF7E5
:1060B0004FFA019B002B02DC206902F07DFAAF420F
:1060C000E8D103B0F0BD2DE9F84383680E461546CC
:1060D0005C6904F11E08404602F026FA071E47DB01
:1060E000002D4FD004F13C02002352F8045F002D34
:1060F00034D1103304F1200944F8236004EB830306
:106100004846736102F042FA638CB4F926201BB250
:1061100001339A42D8BF0023A28C12B29A422AD1EC
:10612000484604F12C0902F047FA484602F02EFADC
:10613000E28D238E484612B21BB29A421EBF73688C
:1061400003F001031D4302F037FAE378BBB145F0D9
:10615000180529462046FFF797FF06E00133042B78
:10616000C3D100236FF00F077361404602F024FA99
:106170003846BDE8F883756805F00405D0E7002DC2
:10618000F3D0E6E77369002BEFD01D607561ECE793
:106190002DE9F047836880460F4616465D69464BF9
:1061A0001B6823B1EB78ABB16FF07F0425E002F000
:1061B00087F90028F6D105F1200A504602F0B4F91B
:1061C000041E1ADBEB7803F0FF018BB3504602F09C
:1061D000F3F9E9E7EFF3118400238022EFF3108352
:1061E00072B682F3118883F3108807EB0608B8456E
:1061F00006D1E4B284F3118834462046BDE8F08726
:106200002B6917F8011BD80703D50D2905D11A07EB
:1062100005D42846FFF7D6FDE9E70A29F9D113F09E
:10622000240F03D00D212846FFF7CCFD0A21F0E70B
:10623000D8F80030B146284683F04008AB6BC8F36D
:1062400080189B6A9847B9F1000F01D1344623E0CA
:106250002B6917F8011BD80703D50D290AD11A0796
:106260000AD442462846FFF7BDFD041E10DB09F1A3
:10627000FF39E8E70A29F4D113F0240F01D10A21EC
:10628000EFE742460D212846FFF7ACFD041EF6DA83
:10629000B14501D2A6EB09046A8CAB8C12B21BB2D9
:1062A0009A4204D0AB6B012128469B6A984750461E
:1062B00002F082F9A1E700BF040300242DE9F047B2
:1062C00000F1200804460E46404602F02DF9051E56
:1062D0001DDBEFF3118700238022EFF3108372B6EA
:1062E00082F3118883F31088E37803F0FF0553B33A
:1062F000638C6FF07F05A384FFB287F311881E4F74
:10630000002DD7F800902CDA404602F055F92846C7
:10631000BDE8F087A36B0121204684F801A09B6AA9
:106320009847484602F000F9A36B054600219B6A96
:1063300020469847002DDFDB628CA38C12B21BB283
:106340009A42E7D1D8E74FF0010A04F11A09F3E7BE
:106350004FF47A7002F0C4F93B68A3EB0903B3422F
:1063600006D2A36B20461B6B98470028F0D0CBE7E2
:106370006FF07305CBE700BF5C1200244FF0FF33D2
:106380002DE9F0418B6005460B790C462BB14B692A
:1063900043F001034B6105230B610122002104F14D
:1063A000200004F11A07FEF7B8F80122002104F1D9
:1063B0002C00FEF7B2F80122002104F11800FEF7CC
:1063C000ACF80022384604F11C061146FEF7A5F889
:1063D000002230461146FEF7A0F80122002104F108
:1063E0001E00FEF79AF80021384602F0C7FC002193
:1063F000304602F0C3FC234628464FF4DB720249C4
:10640000BDE8F04101F024BF84A1000810B50446A6
:106410000121FFF739FEA3783BB1002304F11C00F2
:10642000A370BDE8104002F0C7B810BD10B5044617
:106430000421FFF729FE63783BB1002304F11A0021
:106440006370BDE8104002F0B7B810BD70B5836846
:106450000E4615465C69A36B1B690BBBB6F58D7FB9
:1064600010DAB6F58A7FC0F2BF80A6F58A73052BD5
:1064700000F2BA80DFE813F07C009E00B800B8009C
:10648000AA00B400B6F5427F36D040F209339E42EE
:106490004ED040F207339E420AD06FF0180099E0C8
:1064A000984710F1190FD9D0002800F09F8091E093
:1064B000EFF3118100238022EFF3108372B682F391
:1064C000118883F31088228EE38D12B21BB29A4298
:1064D0000ADCE38D228E1BB212B29B1ACAB282F37F
:1064E00011882B60002075E0228EE08D12B2B4F985
:1064F000323000B2121AF0E7EFF31181002380224C
:10650000EFF3108372B682F3118883F31088A28CA4
:10651000638C12B21BB29A4203DC638CA28C1BB256
:10652000DAE7A28C608C12B2B4F9263000B2E1E74F
:10653000EFF3118100238022EFF3108372B682F310
:10654000118883F31088628CA38C12B21BB29A421A
:1065500006DAA38C628C1BB212B29B1A013BBDE718
:10656000628CA08C12B2B4F9263000B2121AF4E791
:10657000EFF3118600238022EFF3108372B682F3CB
:10658000118883F3108835F0020207D1E38D23864A
:10659000A36B1B6A13B1114620469847013D012D9C
:1065A00004D8638C2046A384FFF740FFF6B286F33D
:1065B000118897E742F210712046FFF77FFE00280E
:1065C00090D010F1190F3FF468AF03E0002D02DA0C
:1065D0006FF0150070BDA368002BF9DAA56081E7A4
:1065E0004FF0FF33A3607DE76FF0180040F2011316
:1065F0009E420BD0B6F5817FECD1002DE8D02B6800
:10660000E3606B682361EB6863616BE7002DDFD0AB
:10661000E3682B6023696B606369EB6062E770B5C8
:1066200004460D46EFF3118600238022EFF310831A
:1066300072B682F3118883F3108881F00103C3706E
:1066400089B91821FFF720FD637823B104F11A00FE
:10665000657001F0B1FFA3782BB1002304F11C0099
:10666000A37001F0A9FFF6B286F3118870BD10B5D2
:10667000044600211A3001F0EAFF002104F11C0059
:1066800001F0E5FF012104F1200001F0E0FF01210C
:1066900004F12C0001F0DBFF04F11E000121BDE834
:1066A000104001F0D4BF70B5836805465C6904F101
:1066B0001806304601F06AFF2378012B06D9013B0A
:1066C0002370304601F078FF002070BD0021A36BDD
:1066D000204621709B6998472B685B0604D44FF4D1
:1066E0007A612046FFF7EAFDEFF31185002380224F
:1066F000EFF3108372B682F3118883F31088A36BD3
:106700002046DB68984723791BB9A36B20465B685A
:106710009847EDB285F311882046FFF777FE2046B3
:10672000FFF7A5FFCDE710B54369044613F001005C
:1067300003D00A44914201D1002010BDA368002B70
:1067400004DD0B78032B03D01A2B03D00131F1E7C2
:106750000A20F2E70720F0E770B5002504462E4630
:10676000628CA38C12B21BB29A4211D1628CA38CA0
:1067700012B21BB29A4204D1A36B002120469B6A3D
:106780009847ADB2EDB12046BDE87040FFF74EBE70
:10679000A36B2046DB6A98470028E7D0A38C2046ED
:1067A000A16A1BB2A26BC95C526A9047A38CB4F970
:1067B000262001331BB29A42A38400DCA684013553
:1067C000CEE770BD2DE9F341C58D0027B0F9323019
:1067D00004462DB2B8460135AB42D8BF0025A36BA5
:1067E0002046DB69984700282FD0268EA36B36B24F
:1067F000AE4220D0A36B01A920465B6998470122D5
:106800008DF803000DF103012046FFF78CFFAE4227
:106810008046E4D0E38D01379DF803101BB2626B14
:10682000BFB2D1542BB20135E385B4F93230AB425B
:10683000D8BF0025D3E71B6A002BDBD00122B4F9B7
:106840003210204698470028D4D017B12046FFF7D1
:10685000DDFDB8F1000F06D04146A06801F01EFF33
:106860002046FFF704FF02B0BDE8F08108B5044BF5
:10687000186818B103689B6803B19847002008BDE9
:106880007C000024002070477047C36B93F854309D
:10689000002B0CBF6FF07F00002070477047002076
:1068A0007047C36B93F85500032894BF0020012064
:1068B000704770B5036805460E469B6898470446C6
:1068C00050B1C6803046FDF72BFC206028B92B68FC
:1068D00021462846DB6898470024204670BD806822
:1068E00090F8543013B10121FFF799BE7047002191
:1068F0008068FFF794BEF8B50446EFF311850023D6
:106900008022EFF3108372B682F3118883F310882C
:10691000C66E8C30FDF7B8FD48B394F85530A1220F
:106920000227013B84F8553041680B681A70202219
:106930009F715A7000229A70DA701A715A71DA7166
:1069400094F859705A721F720A2308613046CB803E
:1069500001230B7133681B69984794F85930EDB2E5
:1069600003F0030384F8593085F31188F8BD6FF004
:106970000B00F2E770B50D46044658B151B10868F6
:1069800008B1FDF7C5FB236829462046DB68BDE852
:106990007040184770BD10B590F85430044693B15C
:1069A000002180F85410FFF73AFEE06E03685B6840
:1069B0009847206F03685B689847606F0368BDE87D
:1069C00010405B68184710BD70B50C468568EFF342
:1069D000118600238022EFF3108372B682F31188B0
:1069E00083F3108800212846FFF719FE2846FFF799
:1069F000D2FF0023F6B26B84AB8486F31188236840
:106A00005B6923B120460121BDE87040184770BD85
:106A10002DE9F04184680D46002C49D02046FFF74F
:106A2000BAFF3220FDF750FBE16E29B12B682846F2
:106A30005B6898470023E366A16F21B16868FFF7A0
:106A400099FF0023A367264604F130074FF00008A2
:106A5000D6F8E81021B1606FFFF78CFFC6F8E88028
:106A60000C36BE42F4D1616F29B12B6828465B68B1
:106A7000984700236367EFF3118600238022EFF32A
:106A8000108372B682F3118883F3108804F18C08A6
:106A9000D4F88C7077B9F6B286F31188216F21B1E2
:106AA0002B6828465B689847276700236384A38484
:106AB000BDE8F0814046FDF7E7FC41680029E7D0DA
:106AC000206FFFF757FF94F85530013B84F855309D
:106AD000DEE7FFEC2DE9F84F84680D46804621651E
:106AE0004B6840219C606868FFF7E3FEA0670028C0
:106AF00079D03E4B0122C36028462B6894F8B01031
:106B00001E68032341F08001B047E06630B96FF0A2
:106B1000120429464046FFF77BFF61E084600122B2
:106B20002B68284694F8B4101E68022341F08001B7
:106B3000B04720670028EAD0846000222B682846EE
:106B400094F8B8101E680223B04760670028DED0B2
:106B500004F1E40604F58A7A4FF0000B8460B14634
:106B60004021606FFFF7A5FE706000283BD0A6F8BB
:106B700008B006610C3656F8082C1D4B5645D360FC
:106B8000EED104F1C4064FF0800A6021206FFFF7B8
:106B900090FE706038B30661164A7368DA60EFF3EE
:106BA000118BEFF3108772B68AF3118887F3108880
:106BB00004F18C013046FDF747FC94F855205FFA4C
:106BC0008BF3013284F8552083F3118808364E4543
:106BD000DBD12B685B6913B101212846984700245B
:106BE0002046BDE8F88F6FF00B0492E78968000833
:106BF00079720008E373000837B504461546084665
:106C00001A466946002300F0EBFC23682A466946D1
:106C10001B682046984703B030BDFFEC2DE9F041DA
:106C200090F8543004460E468B4242D0FFF7B3FE34
:106C3000002E3ED0012E44D1002204F19C07E06ECC
:106C40003B461146FFF7D8FF051E36DBE36E0022F8
:106C500002219C603B46206FFFF7CEFF051E2CDB18
:106C6000236F324631469C603B46606FFFF7C4FF9E
:106C7000051E22DB636F264604F13007DFF84880EB
:106C80009C60D6F8E810C1F80C80606F03681B693F
:106C90009847054688B994F856300C360133BE4201
:106CA00084F85630EDD10121204684F85410FFF7C6
:106CB000B6FC00252846BDE8F0812046FFF76BFEB4
:106CC000F8E76FF01505F5E7797200082DE9F8434C
:106CD0000F46117884689E4611F060095388A56FAD
:106CE00092F803809078B2F804C0D6887CD15278AC
:106CF000063A052A00F2CF80DFE802F003CD423ADF
:106D0000644BB8F1020F26D0B8F1030F2CD0B8F1C4
:106D1000010F40F0C0802C6800F05EFC00F1100212
:106D2000234650F8041B904243F8041BF9D1028813
:106D300012201A8086424FF001032946A8BF06465A
:106D40002B71EE80786803681B699847002809DA80
:106D500000236B8106E004F19C01286800F075FCBB
:106D60000028E7DABDE8F883296800F0F9FBF7E7C7
:106D7000002940F09080D9B22046FFF74FFFEFE79F
:106D8000802940F088802B6894F854201A700120E4
:106D9000D0E701297FD194F85420012A7BD1D4F87F
:106DA000A020944502D00132944574D1002B72D1B9
:106DB0002046FFF7F0FD94F854102046FFF72EFF11
:106DC0000020B7E7812966D194F85420002A62D1C7
:106DD000D4F8A020944502D00132944558D1002B1C
:106DE00056D12A681370D2E7B9F1200F53D15278E7
:106DF000203A032A4FD8DFE802F014023140A129DB
:106E000049D1D4F8A0309C4545D1D4F85E20072064
:106E10002B681A60B4F862209A8094F864209A7102
:106E200088E7212937D1072E35D1D4F8A0309C45E9
:106E300031D1BEF1000F0BD0DEF80030C4F85E3067
:106E4000BEF80430A4F862309EF8063084F864304E
:106E5000A36E002BB4D000209847B1E721291AD1A6
:106E6000D4F8A020944516D103F0030384F85830D9
:106E7000A36E002BA4D00120EEE721290BD1D4F87A
:106E8000A0309C4507D1A36E002B99D00220E3E7E8
:106E90006FF0200066E76FF05E0063E700230B8170
:106EA000406F4968C388CB8003681B691847FFECB3
:106EB0002DE9F0470446EFF3118800238022EFF319
:106EC000108372B682F3118883F3108800F17C0975
:106ED0004846FBF7A7F894F85D30002B53D094F8A0
:106EE0005B30002B4FD104F1940AD4F894502DB9A3
:106EF0005FFA88F888F31188BDE8F0876A682B8903
:106F0000106817891844B4F93220FF1AE38D013351
:106F1000BFB29BB29342A8BF00230022218E96B23B
:106F200009B28B4218D1228E12B2934206D1B4F923
:106F3000321001222046013900F066F916B12046D0
:106F4000FFF764FAB7421BD85046FDF79DFA294671
:106F50002046FFF7A3FFC8E7B742E4D9E68D10F853
:106F600002C00132616B36B201F806C019B20133BA
:106F7000E1859BB2B4F932108B42A8BF0023CDE764
:106F80002B891E442E81D4F89430002BB0D0234698
:106F9000024AC821484601F027FCA9E7757200089B
:106FA00038B583685C6940F20933994200F0EC809F
:106FB00012DC40F20733994200F0A880B1F5427F1D
:106FC00000F0C68040F20113994231D0B1F5817FC3
:106FD0005BD06FF018050EE06FF45063CB18032BF5
:106FE000F7D8A1F60251022903D8DFE801F0061311
:106FF0001A00A2660025284638BD002A00F0E48069
:10700000D4F85E301360B4F86230938094F8643042
:107010009371EFE7002A00F0D78094F8583013609E
:10702000E8E7204684F85920BDE83840FFF763BC04
:10703000002A00F0C980E368136023695360636924
:10704000D36094F86310F1B101F1FF3CDCF1000171
:1070500041EB0C014B024FF4807194F862000B433A
:10706000851E6842684143EA8013104643F03003AE
:10707000936094F85A1043EAC1739360D4F85E1099
:10708000FDF74AFCB6E70B46E7E7002A00F09C80D4
:107090001368E36053682361D3686361936894F86D
:1070A0005A20B2EBD37FA5D0002B17DB94F85930D0
:1070B0009A0711D443F00303204684F85930FFF7B0
:1070C0001AFC054600232046A4F85A30FFF7F0FECC
:1070D000012384F85D308EE70025F3E70123A4F84F
:1070E0005A3094F85C307BB194F85930204623F044
:1070F000020343F0010384F85930FFF7FCFB01233E
:10710000054684F85B30E3E70025E1E7EFF3118003
:1071100000238021EFF3108372B681F3118883F38B
:107120001088218EE38D09B21BB2994208DCE38DF1
:10713000218E1BB209B25B1AC1B281F311886EE7CE
:10714000218EE58D09B2B4F932302DB2491BF2E738
:10715000EFF3118000238021EFF3108372B681F3E7
:10716000118883F31088A18C638C09B21BB29942F9
:1071700003DC638CA18C1BB2DCE7A18C658C09B2AB
:10718000B4F926302DB2E1E7EFF31180002380211E
:10719000EFF3108372B681F3118883F31088618C4A
:1071A000A38C09B21BB2994206DAA38C618C1BB284
:1071B00009B25B1A013BBFE7618CA58C09B2B4F937
:1071C00026302DB2491BF4E76FF0150513E710B513
:1071D000C06BEFF3118400238022EFF3108372B6AB
:1071E00082F3118883F3108859B190F85D3013B998
:1071F000012380F85D30FFF75BFEE4B284F3118871
:1072000010BD80F85D10F8E738B5C46B94F85930BC
:1072100094F85A1003F0020584F85C20F1B17AB1B9
:1072200045B123F00203204643F0010384F85930AE
:10723000FFF761FB012384F85B3094F85B0038BDF5
:1072400084F85B2035B943F00303204684F85930B5
:10725000FFF751FB2046FFF72BFEEEE7002DECD1A8
:1072600043F00303204684F85930FFF744FB84F8C9
:107270005B50E2E7FFF71CBE38B584680869EFF39E
:10728000118500238022EFF3108372B682F31188F8
:1072900083F31088B1F90A3013F16E0F0CD08BB95B
:1072A000038104F19401FDF7CFF82046FFF700FEBB
:1072B000EDB285F3118838BD94F85630013B84F85F
:1072C0005630F5E701462046FFF7E8FDF0E72DE9E7
:1072D000F74F8346EFF311834FF0800A01930022AA
:1072E000EFF3108272B68AF3118882F31088D0F817
:1072F0007080B8F80620602A38BF60220092DBF860
:107300008C707FB37D682868EFF31189EFF31084E8
:1073100072B68AF3118884F310880021BBF822C06A
:107320008EB2BBF824200FFA8CFC12B2944502D026
:10733000009BB3421DD8BBF82210BBF8242009B231
:1073400012B2914205D1DBF8382000215846926AEA
:10735000904716B15846FFF769F85FFA89F989F343
:107360001188EEB99DF8043083F3118803B0BDE8AD
:10737000F08FBBF82460DBF8282036B2925D4254CF
:10738000BBF82420BBF92660013212B29642ABF85A
:10739000242003DC4FF00003ABF824300131BDE7BB
:1073A0000BF18C00FDF770F89BF8552029464046FC
:1073B000013A8BF855200122EE802F612A71D8F80E
:1073C000002012699047002899D0CBE741B1C06BEB
:1073D000428C838C12B21BB29A4201D0FFF777BF66
:1073E000704770B50D4684680869EFF31186002375
:1073F0008022EFF3108372B682F3118883F3108832
:1074000004F18C01F6B2FDF71FF894F85530013302
:1074100084F8553086F31188B5F90A3023B920462F
:10742000BDE87040FFF753BF70BD70472DE9F04FC6
:107430008FB0242207460E4605A80021F9F715FC57
:107440004FF0020804234FF0030A4FF0010943F202
:107450005820CDF810800693CDE908A9CDE90A8A15
:10746000FCF75EFE044638B96FF00B0506B13460D8
:1074700028460FB0BDE8F08F43F24C2B002104F1F9
:107480009C055A46F9F7F1FB0DF1100C84F8577082
:10749000BCE80F000FC5BCE80F000FC59CE8030057
:1074A000C2231E4A85E8030084F85F3008231021B8
:1074B000684684F864304FF4167384F859A06386E4
:1074C00004F58A7384F86090636342F6E06384F89D
:1074D0000390E38404F55B73A362114BC4E90E349B
:1074E00004F5405383F85082C3F84C22C3F8544249
:1074F0003B460C4A01F059FC21466846FEF73EFF28
:10750000051E04DA20460024FCF702FEAEE75C44C8
:107510002046FCF7FFFB0546A8E700BFD8A10008FE
:10752000A4A10008919D000830B585B085680B4A7C
:10753000102195F857300446684601F036FC68463D
:1075400000F0A7FE2046FCF7FFFB05F17C00FAF7F0
:1075500069FD2846FCF7DCFD05B030BD919D0008B3
:1075600070B50C4604282BD8DFE800F01503211D68
:107570001F00154D2846FDF7B5F90023A21C19463A
:10758000834202F1020214DB4000032302306370E5
:10759000C0B2207006E0032304204B70092308705A
:1075A0008B70C87070BD094DE4E7094DE2E7094DE5
:1075B000E0E7EE5C013302F8011C02F8026CDFE741
:1075C0006FF01500EEE700BF9F9D0008D69D0008F4
:1075D000C09D0008A89D000800487047F0A1000861
:1075E000012813D002281FD068BB07230B70052386
:1075F0004B705369487163F07F038B700323CB702A
:1076000040230B710A238B710720704707230B70EF
:1076100005234B70D36988718B700223CB70402394
:107620000B7100234B71EFE707230B7005234B70A1
:107630009369C87063F07F038B7040230B71002344
:107640004B710123DFE7002070472DE9F0410D4623
:107650000446002800F087800021042624274FF0EC
:1076600003080846FFF7F1FF8023012102224FF0B3
:10767000090EA070E3710012FA23A671E0704FF0BA
:10768000100CA672052084F800E06270227161710E
:10769000237284F809E06B6884F815C04FF0060C7B
:1076A000E3720023A074E67584F81AC04FF0070C4B
:1076B000E07684F81E8023736173A273E2732174F1
:1076C0006374E7742375A1752776627627776177EF
:1076D0006F6884F820C00F4484F82100E7776F6951
:1076E00084F823804FF00A0867F07F0784F825307C
:1076F00084F8268084F82270402784F827E084F8F4
:10770000247084F828606E6884F82A300E4484F867
:107710002B2084F82C8084F8296084F82D3084F89C
:107720002E3084F82F3084F830C084F83100EE69B0
:1077300084F8332084F8326084F8347084F835306B
:1077400084F8361084F837C084F83800A86960F0EF
:107750007F0084F8390084F83A2084F83B7084F87C
:107760003C3084F83D103E20BDE8F08110B5144651
:107770000846114601F0A6F9204610BD0846FBF761
:1077800049BA00F042B9F8B5837804460E468B42F8
:1077900023D2CB00FF2B22D88900406801F09EF94C
:1077A000074668B1A5788020FCF7C2FC47F82500A1
:1077B00070B9013DA378AB4205DD3846FCF7A8FC63
:1077C0006FF01600F8BD57F82500FCF7A1FCF0E7B4
:1077D0000135AE42E7D86760A6700020F2E76FF08F
:1077E0001700EFE701220021FCF797BEF8B5044629
:1077F0008578013D07D26068FCF78AFC2046BDE829
:10780000F840FAF712BAAF0070266368D8593044CE
:10781000103E00F023FA16F1100FF6D16368D85924
:10782000FCF776FCE5E72DE9F74FDDF830A0894657
:107830001E460192074600F0CFFD054600F0A6FE69
:10784000041E3FDBBAF1000F5146AA78B8BF0AF117
:107850000701C9108A42884609DC01312846FFF732
:1078600092FF041E03DA284600F0A6FE2AE0DAF1B1
:1078700000020AF00704686802F0070258BF544289
:1078800050F828104FEA880A01EB04118A68FAB907
:10789000C1F8009028466A68019B52F80A2002EB62
:1078A000041253606A6852F80A2002EB04129760CF
:1078B0006A6852F80A2002EB041204EBC804D6608E
:1078C00000F07AFE204603B0BDE8F08FD846D7E737
:1078D00001341031082CD9D108F1010BAA78002409
:1078E0005A45F3DC08F102012846FFF74CFF041E5D
:1078F000B9DB6B680AF1040A019A4FEACB0453F82A
:107900000A30C3F800906B6853F80A305A606B680D
:1079100053F80A309F606B6853F80A30DE60A2E7C4
:10792000F8B5002305460F460B6000F055FD0646EE
:10793000F0B1002D1FDB8378B5EBC30F1BDA00F02D
:1079400025FE041E12DB7368EA1005F007053046B9
:1079500053F8223003EB05153D60AB68002B04BFE4
:1079600000256FF008043D6000F026FE2046F8BDBB
:107970006FF00A04FAE76FF00804F7E7F0B585B096
:10798000044600F029FD054600F000FE002814DB47
:10799000002C0DDBAB78B4EBC30F09DAE2106B6897
:1079A00004F0070453F8223003EB04139A6832B949
:1079B000284600F001FE6FF0080005B0F0BD1A4641
:1079C0006E4603F110071068083252F8041C344662
:1079D000BA4203C42646F6D1102200211846F9F710
:1079E00044F9284600F0E8FD684600F037F9E4E77E
:1079F00010B5FFF7C3FF041E05DA6442FCF71AFD59
:107A000004604FF0FF34204610BD00F05BB8FFEC7F
:107A100038B50F4C00F0DAFE05466368984204D191
:107A2000238900200133238138BD204600F0B6FDB4
:107A3000002807DAFCF7FEFC00680428F5D08C2843
:107A4000F3D040420028EFD1012365602381EBE7AA
:107A50008400002408B500F0B9FE0A480389012B10
:107A60000CD1002303814FF0FF33436000F0E2FDAF
:107A7000002805DABDE80840FCF7DCBC013B0381C7
:107A800008BD00BF8400002410B503460446184614
:107A900013F8012B2AB9001B1C30FCF749FB18B95D
:107AA00010BD2F2AF3D1F6E700F11803013C14F8BA
:107AB000012F12B900221A70F2E72F2AFAD003F828
:107AC000012BF4E708B50348FFF7DEFF024B18600F
:107AD00008BD00BF239D00085812002400232DE993
:107AE000F04116461360027888B0002A45D08DF820
:107AF0001C30CDE9010301A8CDE90333CDE90533FD
:107B000000F04AF8002835DA019FDDE903543846D1
:107B100000F036F8037880463846D3B1FFF7B4FF5B
:107B200048B96FF00B04069808B1FCF7F1FA20464B
:107B300008B0BDE8F0813DB16B68C0E90043686002
:107B4000474604460025E2E7A368C0E90043A06079
:107B5000F6E7FFF799FF0028E3D035B16B68C0E97D
:107B60000043686000243060DDE7A368C0E900439B
:107B7000A060F7E76FF01004D5E76FF01504D6E7C3
:107B80000278034601300AB12F2AF9D11846013391
:107B900002782F2AFAD07047F8B5036804461A789D
:107BA0002F2A08D02A4A14302A4901F0F1F86369D3
:107BB000002B46D02360284B196823681A782F2A97
:107BC00042D100252E4641B90A466FF001002261DC
:107BD000C4E90031C4E90265F8BD53B301F11700EF
:107BE0005F1E10F801CF17F8012FBCF1000F06D16E
:107BF00082B12F2A0ED04A680E461146E3E722B121
:107C00002F2A02D09445F6D3EBD900216FF0010062
:107C10000A46DCE71846FFF7B3FF0346007858B181
:107C2000CA8902F00F02032A08D08A680D46002193
:107C3000E2E71A461946C8E71A46C8E71A4600207E
:107C4000C5E76FF00B00C7E76FF01500C4E700BF92
:107C5000239D0008C59D00085812002470B5866851
:107C600005467EB134691CB164680CB1A047044676
:107C7000304600F03FFB0023C5E90033C5E902337D
:107C8000204670BD3446FBE770B5866804460B4657
:107C900015463EB136692EB136691EB1B04700288F
:107CA0000DDA70BD012D05D0022D0AD025B16FF07F
:107CB0001500F6E762681344002BF8DB6360606828
:107CC000EFE76FF05700ECE737B50C4601A9154612
:107CD000FFF726FE002804DB2A4621460198FFF71D
:107CE000D3FF03B030BD10B5FFF7EEFF041E05DA79
:107CF0006442FCF79FFB04604FF0FF34204610BD48
:107D0000C389024613F00F0014D013696BB1CA0780
:107D100001D59A6862B111F002000BD0DB68002B2C
:107D20000CBF6FF00C00002070476FF0050070472B
:107D30006FF00C0070472DE9F047054688B0924679
:107D4000984600295BD012F0060F4FF0000601A8FC
:107D5000019114BF109B4FF4DB79069618BFD3F83E
:107D600000908DF81C60CDE90266CDE9046600F054
:107D7000AEFA041E19DB029F51463846FFF7C0FFDA
:107D8000041E0DDB1AF4006FC5E900A6C5E90276F2
:107D900010D00599284600F0B7F90028044611DAFA
:107DA00000233846AB6000F0A5FA069868B1FCF7EE
:107DB000AFF90AE0FB8903F00F03032B10D13B69F5
:107DC0001C6834B90698A0B90024204608B0BDE864
:107DD000F08729EA0803524605992846A047DCE7C0
:107DE000012B09D13B691B68002BEBD02846984733
:107DF000D3E7FCF78DF9E7E76FF00504D0E76FF004
:107E00001504E2E770B5044686B00D46164600F04C
:107E100071FF214603462A4602A80096FFF78BFF12
:107E2000041E0CDB002304980093059BDDE902127D
:107E3000FFF7F9FC041E02DA02A8FFF70FFF204645
:107E400006B070BD0EB417B505AA52F8041B019216
:107E5000FFF7D8FF041E05DA6442FCF7EBFA046072
:107E60004FF0FF34204603B0BDE8104003B0704728
:107E700010B403688468DB0707D55CB123694BB194
:107E80009B683BB15DF8044B18476FF00C005DF840
:107E9000044B70476FF00800F9E737B50C4601A9AD
:107EA0001546FFF73DFD002804DB2A4621460198D0
:107EB000FFF7DEFF03B030BD10B5FFF7EEFF041E85
:107EC00005DA6442FCF7B6FA04604FF0FF3420464E
:107ED00010BD10B40468A40708D583685BB11B69A2
:107EE0004BB1DB683BB15DF8044B18476FF00C00F9
:107EF0005DF8044B70476FF00800F9E737B5154699
:107F00000C4659B101A9FFF70BFD002804DB2A46F6
:107F100021460198FFF7DDFF03B030BD6FF015007B
:107F2000FAE710B5FFF7EAFF041E05DA6442FCF732
:107F300081FA04604FF0FF34204610BDB1F5417F57
:107F400008B5C36805D159681046FCF7AFFC00209E
:107F500008BD6FF01800FBE770B5C56806460C4613
:107F60002868002954D0212A52D9C38903F00F036D
:107F7000032B0BD103690A4629465B6B98470028FF
:107F800042DB736822200133736040E0A968002956
:107F90003CD021221831601CFCF790FC0023237098
:107FA000AB681A696AB1DB8903F00F03013B062B4A
:107FB00007D8DFE803F01D041B1F21231900062347
:107FC0002370AB689A680AB91B690BB90423237044
:107FD000FFF71EFDAC686368AB608BB9FFF73AFD35
:107FE000204600F087F9CCE70923E9E70423E7E717
:107FF0000223E5E70323E3E70523E1E70723DFE7C0
:108000009A8901329A81E9E7831C00D1002070BD72
:108010006FF01500FBE770B5C468D4E90056EB8932
:1080200003F00F03032B10D12B691B6B43B9002402
:10803000284600F05FF93046FCF76AF8204670BD2C
:108040002146284698470446F2E7A06808B100F0A8
:1080500051F92046FCF75CF8E9E72DE9F0430646C4
:108060008BB089461746002A48D1D0F80C80446866
:10807000D8F80050EB8903F00F03032B20D1A14265
:108080000CDA2B699B6B2BB96FF0850420460BB083
:10809000BDE8F0833C46414628469847A14503DCAD
:1080A000002CF3DB7460F1E72B6901AA41462846F6
:1080B0005B6B9847002801DB0134EFE70446EFE7EC
:1080C000A142BABFAD681446D8F80850FFF7A0FC2B
:1080D0000DB1A1450FD1D8F80870C8F8085015B1F6
:1080E000AB890133AB81FFF7B5FC002FD8D0384600
:1080F00000F000F9D4E701346D68E9E7012A0CBF0C
:1081000044686FF01504C1E7F7B5856806460F4669
:10811000EB8903F00F03032B19D12B6923B3DC6A1E
:1081200014B35B6B03B301AA2846A047041E0BDB04
:10813000019B1D60019D384600F0BAFE68600D4845
:10814000C6E9020500F0B3F8204603B0F0BD0C20EC
:10815000FBF7EEFF034650B1019000240560A868CC
:10816000986000F0A4F8E5E76FF05704ECE76FF0D3
:108170000B04E9E790000024C3685968FFF7C4BF07
:108180002DE9F347061E884614461F465DDB12B9EB
:1081900000F0A2F90446022E19DC4C23A4687343B4
:1081A00030331C4404F1240304F14402666063612B
:1081B0002362A4F84480C4E906230C2384F84630E3
:1081C000002F40D10025284602B0BDE8F08701A964
:1081D0003046FFF7A5FB051E08DB019B9868A0B1A0
:1081E0004146FFF78DFD30B16FF00C05002FEAD04E
:1081F00000233B60E7E74C20D4F80890FBF798FF9A
:10820000044628B96FF00B05F0E76FF00105EDE7C4
:1082100009F12C0A504600F087F9051E03DA2046C2
:10822000FBF776FFE2E7D9F818314BB11C605046F6
:10823000C9F8184100F0C0F92046FCF7BBFAB1E7D5
:10824000C9F81441F3E73C60BCE76FF00805CDE7DF
:108250002DE9F34107460E4690461D46FFF7D8FB31
:10826000041E12DB01AA41463846FFF737FC041E04
:1082700009DB019B0024DA8922F00F0242F001029F
:10828000C3E90465DA81FFF7E5FB204602B0BDE8EB
:10829000F08138B50546FFF7BBFB041E05DB284619
:1082A00000F06BF80446FFF7D5FB204638BD38B523
:1082B000044650B1FFF7ACFB051E04DBA389013374
:1082C000A381FFF7C7FB284638BD0546FBE738B555
:1082D0000546FFF79DFB041E0ADB2846FFF75CFC02
:1082E000041EA1BF6A68938901339381FFF7B2FB33
:1082F000204638BD10B50446C8B1FFF789FB0028F9
:10830000FBDBB4F90C304BB9E389DB060BD5FFF787
:10831000A1FB2046BDE8104000F044B8013B1BB271
:10832000002BA381F0DDBDE81040FFF793BB10BD2B
:1083300010B5044688B0D0B100240123019001A8F3
:1083400006948DF81C30CDE90244CDE90444FFF7D2
:1083500023FCA04207DBDDE90242636852B15360AF
:108360000023C4E90033069808B1FBF7D1FE20468C
:1083700008B010BD049A9360F2E710B5FFF7D8FF7C
:1083800068B1B0F90C4034B1C28942F01002C28128
:108390006FF00F0010BD00F005F82046FAE76FF00F
:1083A0000100F7E710B5044650B14068FFF7FAFF47
:1083B000A068FFF7F7FF2046BDE81040FBF7A8BE16
:1083C00010BD00F069BBFFEC024A13680133136073
:1083D000704700BF5C120024024B1B68986800B114
:1083E00024307047D80300240F4B10B51B68044697
:1083F000B3F92020002A0ADD1A7C037C9A4206D2B7
:108400000A49F9F765FE0123002023770AE00649AF
:108410002046F9F75DFE02230028F5D003222277DB
:108420002268137710BD00BFD8030024CC030024BA
:1084300038B5436804465BB90368032201251A77FF
:1084400020460449FCF750F800232846237738BD1E
:108450000025F5E7D8030024F0B5134D0020134C98
:1084600002262A68236813B923606360F0BD1F6881
:10847000BAB193F810C0117C8C450CD95168C3E98E
:10848000002151B953600120167703222B601A771F
:108490001A463B46E7E71268EAE70B6053600222A0
:1084A000F5E75368FFDE00BFD8030024CC030024A7
:1084B000024B1B6898682C30704700BFD80300241B
:1084C000044B1B6823B11868B0FA80F0400970476C
:1084D00001207047D8030024014B1868704700BF83
:1084E000D803002438B50F4B0C461D6870B1F9F75E
:1084F00043FBA0B1EB8B03F00303022B07D0AA6868
:1085000083689A4203D06FF00C0007E02846436B63
:108510002360836B6360C36B0020A36038BD6FF082
:108520000100FBE7D8030024174A38B51468EFF3BD
:10853000118500228021EFF3108272B681F3118839
:1085400082F31088E0B1028812B2002A028802F198
:10855000FF3212B2028006DD002323640020EDB258
:1085600085F3118838BD00232064052120466384EB
:10857000F9F74AFFB4F922000028EFD04042EEE7B5
:108580006FF01500EBE700BFD803002410B50446D8
:108590002046FFF7C9FF031DFAD010BD10B5FFF745
:1085A000C3FF041E06DA6442FBF744FF04604FF089
:1085B000FF3010BD0020FCE738B5002834D0EFF3C1
:1085C000118500238022EFF3108372B682F31188A5
:1085D00083F31088038847F6FF721BB2934205D1DC
:1085E000EDB285F311886FF08A0038BD038801333E
:1085F0001BB2038003881BB2002B0EDC0C4B1C68E3
:108600005CB1236C83420DD104F12400F9F70AFD1B
:10861000002320462364F9F7CFFFEDB285F31188DC
:108620000020E2E72468EBE76FF01500DDE700BF0C
:10863000C403002410B5FFF7BFFF041E05DA64422F
:10864000FBF7F8FE04604FF0FF34204610BD70B514
:1086500005460C46F8F776FCEFF3118600238022DE
:10866000EFF3108372B682F3118883F310882B889E
:108670001A0409D42B881B040ED5F6B286F3118890
:10868000F8F770FC002070BD002CF3DD013C28469B
:10869000FFF792FF24B2EAE72C80EEE737B5041E1D
:1086A0000D4616DB1F2917D8F8F74CFC00230422CF
:1086B000204669468DF800508DF801308DF8022073
:1086C0000193F9F7EBF80446F8F74CFC204603B0A9
:1086D00030BD6FF05704F9E76FF01504F6E7FFECD3
:1086E00007B568B1084A0021B0FBF2F302FB1300A2
:1086F00000934FF47A7358430190684600F0EEF807
:1087000003B05DF804FB00BF40420F0038B50F4CCA
:1087100025682846FFF78CFE0D4B1B680BB1FFF751
:108720009BFE246828460421238C013323840223E2
:108730002377F9F7ABFC0121E86800F019F803236F
:108740002377238C013B238438BD00BFD80300244A
:10875000CC030024054B186830B1037F032B01D1F3
:10876000C06870476FF00200704700BFD803002454
:1087700070B50E46EFF3118500238022EFF31083CE
:1087800072B682F3118883F31088F9F7F5F904467D
:10879000EDB2A0B1027F0C4B53F83210FBF7A4FEF0
:1087A00085F31188002120463246F9F78BF9E18BD9
:1087B000204601F00301BDE87040F8F747BE85F39D
:1087C00011886FF0020070BD009E0008054B18680C
:1087D00030B1037F032B01D1C06870476FF00200F6
:1087E000704700BFD80300242DE9F0410C4616461F
:1087F0009846054600284ED0002A4CD000294ADB76
:10880000EFF3118700238022EFF3108372B682F317
:10881000118883F3108843680BB1F9F703FC1F49F3
:1088200001346E600E68C5F80C801EB92846FBF74F
:108830000BFE24E030463246002391685B1801D5D8
:10884000116831B9A3420CDC116829B9E41A134943
:10885000ECE710460A46F0E78868034410460A46EB
:10886000F0E791689642A3EB0103A4EB0304A1EBAC
:10887000040191600AD10949284600F040FAAC6031
:10888000FFB287F311880020BDE8F081034A294632
:1088900000F03BFAF3E76FF01500F5E73809002424
:1088A00038B50D4C236843B19A680025013A9A60A7
:1088B000236813B19B68002B00DD38BD2046FBF711
:1088C000E3FD23681BB19A6881680A449A60436893
:1088D0004560C0689847EBE7380900242DE9F74365
:1088E0000F46054600283BD042681F4B9A4237D8B6
:1088F000EFF3118600238022EFF3108372B682F328
:10890000118883F31088DFF864906846F6B2D9F8CE
:108910000080FBF74CFE2A460021684600F038F83C
:1089200010F10B0F044606D186F31188002420466F
:1089300003B0BDE8F08387B101A9284600F002FA30
:10894000D9F8003001983946A3EB080290428ABF5B
:10895000C01A0020404400F0E7F986F31188E6E7EA
:108960006FF01504E3E700BFFFC99A3B5C120024D7
:10897000027F062A0AD140F2FF22A0F85C2074226E
:1089800080F85E2000220266F9F716BE7047FFEC01
:10899000394B2DE9F74306460D4691461C68EFF327
:1089A000118800238022EFF3108372B682F31188BE
:1089B00083F3108807682046F9F7ACFA38405FFA6D
:1089C00088F70190A0B101A8F8F72AFE01462046D9
:1089D000F8F7D4FD1DB143682B6083686B6006799E
:1089E000F8F7F0FD87F31188304603B0BDE8F08357
:1089F0003368A364B9F1000F32D0D9F8040004F150
:108A000024081E4A0023C117D9F800E08018DFF8B7
:108A100078C01B4A41F10001EEFB0C0100F0F2FAB4
:108A200023460146174A4046FFF7DEFE2046062150
:108A3000F9F7EAFC4046F9F7F5FA94F85C100023E0
:108A40001F29A36411D83046FBF7B5FD80B194F817
:108A50005C60002DC6D0E36D2B60236E6B60C1E7B8
:108A600006212046F9F7D0FCE7E76FF00A06F0E7A9
:108A70006FF00306EDE700BFD80300243F420F006C
:108A800040420F007189000800CA9A3B08B500F007
:108A90005BFA002008BDFFEC10B5084B4FF0E02456
:108AA0000022074963610F20A261F8F7F3F9072359
:108AB0000F202361BDE81040F7F76CBFFF5207009D
:108AC0008D8A000838B504464518207808B1AC42B4
:108AD00000D138BD0134FAF79DF8F6E7024B0A469B
:108AE0000146186800F002B82C0D00242DE9F84F5B
:108AF000074692460D4621B91146BDE8F84FFBF7EF
:108B00002FBC32B9FBF7D0FB4FF0000B5846BDE845
:108B1000F88F02F1170323F00F0B5A45F4D8A1F197
:108B20000804FBF76DFB55F8088CC3450AD804D23E
:108B30005A462146384600F0ABF83846AB46FBF7BC
:108B400083FBE3E755F8041C04EB080921F001015D
:108B5000D9F80430611ADA0748684CBF002654F887
:108B60000860C30706EB080354BFD1F800C04FF0FC
:108B7000000C63445B4576D3B445ABEB080308D2E5
:108B80009C4555D2A3EB0C03BCF1000F53D1AB466F
:108B900026E09E42FBD29B1BB246D1E902208260B6
:108BA0000AB1C868D0609C45A4EB030446D90A68A2
:108BB0003846D21A43440A6023600A6842F0010230
:108BC0006260D9F8042002F001021A43C9F80420B7
:108BD000FBF742FB04F1080BBAF1000F1BD0534620
:108BE00009EB0600D9E90212916011B1D9F80C2005
:108BF000CA6022689E421A4422602ED9F61AA11831
:108C0000A65023684B60436803F00103334343607D
:108C10003846FBF721FB3846FBF716FB5D453FF472
:108C200075AFA8F1080229465846F7F709FF6DE726
:108C30004FF0000AB1E79A466346AEE722686368E0
:108C4000424443F0010322606360D9F8043003F02A
:108C500001031343C9F80430BCE7436803F0010380
:108C600013434360D7E73846FBF7EEFA51463846E0
:108C7000FBF776FB834600283FF448AF2946A8F16E
:108C80000802F7F7DDFE29463846FBF70DFB3DE706
:108C9000F0B40C680B4606460D196968C90719D46B
:108CA0001859D5E902172844B96009B1ED68CD60BB
:108CB0001D6899181C59AD1A25449D504A601A60C8
:108CC00044689B5804F001041C4344603046F0BCE7
:108CD000FBF7C2BA02F110018C4209D39918A41A09
:108CE0009C504A601A609B5843F001036B60EEE7AA
:108CF000F0BC704708B500F021F9406B08BD0B6867
:108D0000036003B94860086070470346084611468F
:108D1000126812B14A689A4201D1FBF795BB1A68F2
:108D2000026018607047FFEC4FF47A7290FBF2F328
:108D300002FB13000B60024B584348600020704751
:108D400040420F0038B543680C460568084AD917F9
:108D5000E5FB02311846074B074AC0184FF00003E5
:108D600041F1000100F0FEF82060002038BD00BF96
:108D700000CA9A3B3F420F0040420F00084631B103
:108D8000481E01288CBF6FF015006FF085007047FA
:108D90000EB403B503AA52F8041B019200F01DF8AB
:108DA00002B05DF804EB03B070470CB40A4600B59E
:108DB00089B071B1014602A800F056F80BAA0A99D1
:108DC00002A80192FBF7F4FD09B05DF804EB02B0D4
:108DD000704702A800F060F8F0E7F0B58DB01446D7
:108DE0000D46074602A8019200F056F82246294691
:108DF00002A8FBF7DDFD059E01363046FBF790F932
:108E0000044660B10146324606A800F02DF8019AEA
:108E1000294606A8FBF7CCFD3C600DB0F0BD4FF035
:108E2000FF30FAE738B5C36805464469E41A94424E
:108E300028BF1446002C0ADD006922461844F7F7C3
:108E4000FFFDEB682A6900212344EB60D1542046E2
:108E500038BD07B501228DF807100DF10701FFF7A6
:108E6000E1FF03B05DF804FB064B013A0360064BDB
:108E700042614360054B83600023C0E903310B70FE
:108E8000704700BF538E0008258E0008015400086B
:108E9000C3680133C3607047034B0360034B8360B7
:108EA0000023C360704700BF918E00080154000882
:108EB00038B50546FBF716FD0130FBF731F90446DE
:108EC00010B12946FBF7F2FC204638BD014A00F0FC
:108ED00003B800BF601200242DE9F0418846164611
:108EE0000446C0B1254629782C460135D1B140460B
:108EF00000F01AF80028F6D129782F46013539B14B
:108F0000404600F011F80028F6D000233B702F46B1
:108F10002EB1376003E012B11468002CE2D1204674
:108F2000BDE8F0810C46FAE703461A78184601338B
:108F30008A4202D0002AF8D11046704708B5FBF7E4
:108F400009FD006808BDFFEC08B5054B0BB1FFF744
:108F50003BFAFFF7A5FCBDE80840F7F7D7BE00BF16
:108F6000C98300087BB972B90029BEBF00204FF049
:108F7000004106E008BF00281CBF6FF000414FF021
:108F8000FF3000F0D7B9ADF1080C6DE904CE00292F
:108F900009DB002B1ADB00F06FF8DDF804E0DDE9F7
:108FA000022304B07047404261EB4101002B1BDB00
:108FB00000F062F8DDF804E0DDE9022304B040428D
:108FC00061EB4101524263EB43037047524263EB52
:108FD000430300F051F8DDF804E0DDE9022304B0BA
:108FE000404261EB41017047524263EB430300F0A2
:108FF00043F8DDF804E0DDE9022304B0524263EBFC
:109000004303704753B94AB9002908BF00281CBF61
:109010004FF0FF314FF0FF3000F08CB9ADF1080C8C
:109020006DE904CE00F028F8DDF804E0DDE9022364
:1090300004B07047FFECC2929FED0B6B41EC170B35
:109040009FED0B5B27EE066BBCEEC66BB8EE464B96
:10905000A4EE457BFCEEC77B16EE101A17EE900AC5
:10906000704700BFAFF30080000000000000F03D3B
:10907000000000000000F0412DE9F047089D0E4679
:1090800004460F46002B4AD194468C45B2FA82F230
:1090900060D942B1C2F12003974020FA03F30CFAE1
:1090A00002FC1F4394404FEA1C4E1FFA8CF6B7FB9C
:1090B000FEF1230C0EFB117743EA074301FB06F098
:1090C00098420AD91CEB030301F1FF3780F01581A8
:1090D000984240F21281023963441B1AA4B2B3FBD6
:1090E000FEF00EFB103344EA034400FB06F6A642F2
:1090F0000AD91CEB040400F1FF3380F00081A64282
:1091000040F2FD806444023840EA0140A41B002183
:109110001DB1D4400023C5E90043BDE8F0878B4270
:1091200005D90DB1C5E9000100210846F5E7B3FAFC
:1091300083F1002946D1B34202D3824200F2F58086
:10914000841A66EB030201201746002DE5D0C5E91D
:109150000047E2E7002A40F09380A1EB0C034FEABE
:109160001C471FFA8CFE0121B3FBF7F607FB1630F4
:10917000230C43EA00430EFB06F0984208D91CEB8F
:10918000030306F1FF3802D2984200F2D08046462F
:109190001B1AA4B2B3FBF7F007FB103344EA0344F5
:1091A0000EFB00FEA64508D91CEB040400F1FF33BA
:1091B00002D2A64500F2B6801846A4EB0E0440EA9F
:1091C0000640A5E7C1F120078B4022FA07FC4CEAD4
:1091D000030C06FA01FE20FA07F426FA07F344EA24
:1091E0000E0400FA01F84FEA1C404FEA1449B3FBA1
:1091F000F0FE1FFA8CF600FB1E3349EA03430EFB18
:1092000006F9994502FA01F20BD91CEB03030EF1A2
:10921000FF3A80F08580994540F28280AEF1020EDF
:109220006344A3EB0909A4B2B9FBF0F300FB139963
:1092300044EA094403FB06F6A64208D91CEB0404E1
:1092400003F1FF3068D2A64266D9023B644443EA88
:109250000E40A41BA0FB02E6B4427346B14652D3B3
:109260004FD05DB1B8EB030264EB090404FA07F7D1
:1092700022FA01F31F43CC40C5E9007400214CE7FA
:10928000C2F1200120FA01F30CFA02FC26FA01F1E6
:10929000964033434FEA1C471FFA8CFEB1FBF7F0B0
:1092A00007FB1016190C41EA064100FB0EF68E4230
:1092B00004FA02F408D91CEB010100F1FF382DD2A9
:1092C0008E422BD902386144891B9BB2B1FBF7F661
:1092D00007FB161143EA014306FB0EF1994208D938
:1092E0001CEB030306F1FF3814D2994212D9023E57
:1092F00063445B1A46EA004136E73946EDE6184614
:1093000002E7F045ADD2BEEB020366EB0C06013876
:10931000B146A6E74646ECE7034698E74046D3E762
:10932000D6467EE76444023847E708460DE7023E2A
:1093300063442DE7704700BF0720704710B5322007
:10934000074CF8F737FF4FF000634320C4F8803430
:10935000F8F730FF0023C4F88034C4F8D83410BDC7
:109360000040025808B5042000F092F9064B4FF473
:109370007A70DB68584300F07FF900F0AFF9BDE880
:10938000084000F095B900BFAC00002408B500F01B
:10939000ADF900F095F9002000F07AF90020BDE861
:1093A000084000F069B9FFEC0F4BD3F8002442F0FD
:1093B0000102C3F80024D3F800245207FBD5002291
:1093C000C3F81024D3F8002422F0A85222F410226B
:1093D000C3F80024054AC3F82C24D3F8002422F44F
:1093E0008022C3F800247047004002580000FF01AB
:1093F00008B54FF0006000F00CFA4FF00160BDE8D6
:10940000084000F006BA08B500F094FB4FF0006089
:1094100000F0ECF94FF00160BDE8084000F0E6B95B
:1094200000F0A4BA4FF0E023C3F8080D70470E28EF
:109430008CBF0020012040047047431E0D2B10B547
:10944000044609D821B12046BDE8104000F01EBAFC
:1094500000F006FA0028F6D110BD00F1006000F51A
:10946000003000F083BB830705D100F1006000F5F8
:10947000003000F0BDBB0020704700207047FFECBB
:10948000014B1868704700BF0010005C224BF0B51C
:109490001A68224BC2F30B06120C1F885D68BE428D
:1094A0001C7A2BD09F89BE4205D101240C2505FBD7
:1094B00004335D681C7A41F203039A4220D042F2E1
:1094C00001039A421ED042F203039A421CD041F299
:1094D00001039A4208BF5A24421E013D0B460A442A
:1094E000934217D215F8016F581C7EB92C25824281
:1094F0001D7001D9981C5C70401AF0BD0024D5E79E
:109500005924E9E75824E7E75624E5E7034600F83D
:10951000016CE5E71846EFE70010005CBC00002492
:1095200000F1FF5000F58F10D0F800087047FFECF5
:10953000012803D100210248F8F728BE704700BF78
:10954000430B04000128014602D10248F8F71EBE71
:10955000704700BF430B0400012808B50AD1064834
:10956000F8F714FF80F001010348C9B2BDE80840D4
:10957000F8F70CBE08BD00BF430B0400D0E9003271
:1095800083F308881047FEE74FF0E0224FF40030E5
:1095900070B5D2F8883D00242E4D43F47003C2F814
:1095A000883D1C222C4B1C725C729A72DC72F8F79C
:1095B00001FE2A48F8F7FEFD0120F7F779F820466A
:1095C0002E6DF7F775F8264B9E423ED101202646B8
:1095D000F7F76EF82C6525462046F7F769F821481D
:1095E00000F006FB0446204800F002FB1F4B9842A7
:1095F0000ED124F0FF021E4B9A4209D1E4B21E2C78
:1096000006D84FF47A7300265C43A54238BF25463E
:109610003220F8F7BBFE044660B95EB1FCF722F8D1
:109620000120F7F745F80B4B0D4A254620461A65F1
:10963000F7F73EF802210F48FBF7BBFF284600254D
:10964000FCF760F8FCF70EF8F8E740F6B8350126AD
:10965000C5E700BF00400058AC000024430B0400E5
:1096600007B007B0A0010208A40102085D7D05C58E
:1096700000ECC292CB9D0008044B1B6858434FF08E
:10968000E02320F07F405861704700BFD4000024E1
:10969000021E054B054814BF0121082102F00402F7
:1096A00019600421F7F722B8D400002410E000E08C
:1096B000012200210148F7F719B800BF10E000E0CF
:1096C00000220121044808B5F7F710F84FF0E02315
:1096D00000229A6108BD00BF10E000E002220021D4
:1096E0000148F7F703B800BF10E000E000220221B4
:1096F0000148F6F7FBBF00BF10E000E0042838B5D2
:1097000005460C4613D80120F6F790FF032D094BB0
:109710004FF000000CBF24F0FF01002153F825306A
:10972000054A0B431365F6F781FF002038BD4FF063
:10973000FF30FBE738A2000800400058012804462B
:1097400008B502D10021FFF7D9FF2046F7F7D5FA77
:1097500000F0DCF9436803F110010A68D207FCD479
:10976000DA68D20705D5034A5A6002F188324368A5
:109770005A607047230167450246084810B5836860
:10978000934209D803F50013934205D9044B9C6812
:10979000944298BF184610BD0020FCE7EC0000245E
:1097A000D800002410B40C46406811461A462044E4
:1097B0005DF8044BF6F79ABF012300220C21FFF756
:1097C000F1BFFFEC38B50546BFF34F8F064C6B6811
:1097D000186910F0070006D00120F6F79CFF013C45
:1097E000F5D16FF00F0038BD404B4C0038B5FFF796
:1097F000C3FF054650B1FEF7C9FE041E04DB284630
:10980000FFF7A8FFFEF7D8FE204638BD6FF0120420
:10981000FAE738B5FFF7B0FF054658B1FEF7B6FED8
:10982000041E05DB2846FFF7C7FF2846FEF7C4FEE7
:10983000204638BD6FF01204FAE7B0F5803F0146CC
:1098400008B50AD200F580004001FFF795FF0369D3
:109850008068C91A00EB411008BD4FF0FF30FBE7EC
:10986000B0F5803F08B50DD2FFF7E7FF002300F108
:10987000200201780130FF2918BF01338242F8D15C
:10988000184608BD6FF00D00FBE7FFECF8B50F2898
:1098900000F5806604464FEA46465FD83046FFF73B
:1098A0006BFF0546FEF772FE002850DB2846FFF7E7
:1098B00089FF074600284ED12846FFF74BFF0423B7
:1098C0003A460C21FFF76EFFEB684FF470620C21F3
:1098D000E31A28461B0203F4E063FFF763FF8023CB
:1098E0003A460C212846FFF75DFF2846FFF76AFF3E
:1098F000044668BB034604220C212846FFF752FFAA
:1099000023464FF470620C212846FFF74BFF284690
:10991000FFF752FF2846FEF74FFE14BB3046FFF715
:109920002BFFF0B106F50030FFF726FFC8B1042386
:10993000043E0D4AF1580433013118BF01349342FB
:10994000F8D1002C0CBF4FF400306FF00400F8BDCC
:109950006FF00404DBE76FF00404DBE76FF00D0049
:10996000F5E76FF00400F2E7040002002DE9F84F7C
:10997000064615460F46FFF7FFFE0446002800F096
:10998000C2808368B34200F2BE80AA1903F5801337
:109990009A4200F2B880FEF7F9FD002865DB204608
:1099A000FFF710FF8046002840F0AA8020462037AD
:1099B000FFF7D0FE302325F01F0B0C211A46B946C5
:1099C000FFF7F0FEB3444246B04602230C21204686
:1099D000FFF7E8FED84532D0BFF34F8FBFF36F8F4C
:1099E00059F8203CC8F8003059F81C3CC8F804303D
:1099F00059F8183CC8F8083059F8143CC8F80C302D
:109A000059F8103CC8F8103059F80C3CC8F814301C
:109A100059F8083CC8F8183059F8043CC8F81C300C
:109A2000BFF34F8FBFF36F8F2046FFF7CBFE08BB0E
:109A3000636809F120091B6913F0C06F17D0002378
:109A400002220C212046FFF7ADFE4FF0FF3300222B
:109A500014212046FFF7A6FE2046FFF7ADFE002D9D
:109A600041D12046FEF7A8FD2846BDE8F88F08F151
:109A70002008AFE76FF00405EEE74FF0FF33002258
:109A800014212046FFF78EFE326857F8203C9A4298
:109A900033D1726857F81C3C9A422ED1B26857F8FD
:109AA000183C9A4229D1F26857F8143C9A4224D1C2
:109AB000326957F8103C9A421FD1726957F80C3C32
:109AC0009A421AD1B26957F8083C9A4215D1F26904
:109AD00057F8043C9A4210D1636820371B6913F091
:109AE000C06F0AD120365E45C7D14FF0FF33002248
:109AF00014212046FFF756FEB3E76FF00405F4E7A4
:109B00006FF00405ADE76FF00D00AEE74FF0E02118
:109B1000054BD1F80C2D02F4E0621343C1F80C3D63
:109B2000BFF34F8FFEE700BF0400FA052822FF2194
:109B3000F7F79BB810B5054C2046FFF7F7FF04F187
:109B40002800FFF7F3FF024B636010BD641200248E
:109B50000000020800F10801202208B54068FFF764
:109B60005FFC202808BF002008BDFFEC1E4A20F043
:109B70001F0310B554689C420ED0D46AA3420DD185
:109B800001235B4203F028031344C0F382044BB962
:109B900034B10024204610BD0023F2E70023F4E78F
:109BA000124BD062A01C934243F820101AD1CCB9BA
:109BB0001A68072A16D19A6A01320BD003F12804D9
:109BC0002046FFF7C7FF28B120464FF0FF34FFF7CC
:109BD000ADFFDFE70448FFF7BDFF04460248FFF78B
:109BE000A5FFD7E71C60D4E7641200248C12002480
:109BF00038B5144B20F01F020568596891421AD0FD
:109C0000D96A8A4215D10122C0F382000A24514246
:109C100004FB020211F0280102F1020253F8225063
:109C200007D0072805D15C182046FFF793FF20B125
:109C3000ED43284638BD0022E6E72046FFF776FFD1
:109C4000F7E700BF64120024A215002461726D764C
:109C5000372D6D2F61726D5F686172646661756C1E
:109C6000742E6300626F6F746C6F616465725F6DF8
:109C700061696E004170704272696E67557000696B
:109C800072712F6972715F756E6578706563746546
:109C9000646973722E6300736572636F6E3A3A2063
:109CA0004552524F523A20416C726561647920638B
:109CB0006F6E6E65637465640A00736572636F6EC0
:109CC0003A205265676973746572696E6720434410
:109CD000432F41434D2073657269616C2064726942
:109CE0007665720A00736572636F6E3A2045525250
:109CF0004F523A204661696C656420746F2063722C
:109D00006561746520746865204344432F41434D69
:109D10002073657269616C206465766963653A20B9
:109D200025640A00736572636F6E3A20537563632E
:109D300065737366756C6C79207265676973746599
:109D400072656420746865204344432F41434D206D
:109D500073657269616C206472697665720A002F9E
:109D60006465762F747479537800556D656D00695C
:109D70006E66006E616E00505834424C76312E3162
:109D8000352E3467002C002F6465762F6E756C6C51
:109D9000002F6465762F74747941434D2564004C1F
:109DA000756D656E696572004C756D656E6965727D
:109DB00020424C2048373433202D204E444141006E
:109DC00042756C6B0025732F2573002F6465762F09
:109DD00074747941434D300053544D33323F3F3F0B
:109DE0003F3F3F3F0053544D333248375B347C355F
:109DF0005D780049646C65205461736B00FFECC2B0
:109E00000000000000000000CC030024010000005E
:109E1000D803002405000000D8030024050000003A
:109E2000AC03002400000000C40300240100000073
:109E3000BC03002400000000B40300240000000064
:109E40003C6E6F6E616D653E00FFECC2010000006C
:109E5000B119000802000000B11900080300000059
:109E6000B11900080601000095190008070000005C
:109E70009519000808010000931900080A00000065
:109E8000B119000809010000B11900080B00000019
:109E9000B11900080C000000B11900080D00000005
:109EA000B1190008000002580004025800080258C6
:109EB000000C0258001002580000000000000000D2
:109EC000001C0258000000000000002400000000F8
:109ED0000000000000000000000000000000000082
:109EE00000000000D52A00086D2B0008452A000854
:109EF000272A000879290008CD280008E72800084B
:109F000021290008AF2A00082D290008352900085A
:109F10006D2900086D290008A12D0008172E0008E2
:109F2000512E0008C92E0008612E00086D2E000871
:109F300000000000512D000839300008AF2E000845
:109F4000A92E0008113300080F300008253500083D
:109F500000000000000000003200000001000000CE
:109F60004B000000020000006E0000000300000033
:109F700086000000040000009600000005000000BC
:109F8000C8000000060000002C01000007000000CF
:109F90005802000008000000B004000009000000A2
:109FA000080700000A000000600900000B00000024
:109FB000C01200000C000000802500000D00000011
:109FC000004B00000E000000009600000F00000093
:109FD00000E100000110000000C2010002100000BA
:109FE00000840300031000000008070004100000B4
:109FF00020A107000510000000CA0800061000009C
:10A0000000100E000710000040420F000810000072
:10A01000009411000910000060E316000A1000000F
:10A0200080841E000B100000A02526000C100000EC
:10A03000C0C62D000D100000E06735000E100000B6
:10A0400000093D000F100000286E756C6C2900FFA0
:10A050000080E03779C3314300003426F56BFC42C1
:10A060000000901EC4BCC642000040E59C309242F5
:10A07000000000A2941A5D42000000E876482742E2
:10A08000000000205FA0F2410000000065CDBD414E
:10A090000000000084D7874100000000D012534127
:10A0A0000000000080841E4100000000006AE840BB
:10A0B000000000000088B3400000000000407F4026
:10A0C00000000000000049400000000000001440B3
:10A0D0009A9999999999B93F7B14AE47E17A843F4F
:10A0E0002D431CEBE2361A3F3A8C30E28E79453E26
:10A0F000BC89D897B2D29C3C33A7A8D523F649395E
:10A100003DA7F444FD0FA5329D978CCF08BA5B257F
:10A11000436FAC642806C80A000000000000244019
:10A120000000000000005940000000000088C3400B
:10A130000000000084D797410080E03779C3414395
:10A14000176E05B5B5B89346F5F93FE9034F384D9D
:10A15000321D30F94877825A3CBF737FDD4F157549
:10A16000050000000000000000000000875D0008FE
:10A170008B5D000800000000000000008F5D0008FB
:10A1800000000000F35F0008A7660008955E000865
:10A1900091610008000000004D640008C7600008DD
:10A1A000000000008B6800089D6800089F68000898
:10A1B0002B740008A16F000800000000CF71000898
:10A1C000000000000972000800000000CD730008C4
:10A1D00000000000A3680008D56A0008116A0008A2
:10A1E000CD6C0008C9690008EF680008DF68000846
:10A1F0001201000202000040AC261600010101021B
:10A200000301FFEC7D7700087D7700080000000067
:10A210006D770008000000007981000817800008B1
:10A22000597F0008000000005B8000083D7F0008A7
:10A2300000000000000000000000000007B007B0B0
:0CA24000020007B0000008B0263A09B088
:08A24C002CEEFF7F0100000071
:10A2540000000000000000000000000000000000FA
:10A2640000000000000000000000000000000000EA
:10A274000000000000000001440900240000000068
:10A2840000000001440A0024E49E000800000024A9
:10A2940000000000000000000000000000000000BA
:10A2A40000000000000300080000000000C20100DC
:10A2B40036000000000E27070044004035700900F6
:10A2C4003670090000000000FFFFFFFF800000243B
:10A2D40004A2000801000000FFFFFFFF00000000CF
:10A2E4000000000000000000000000000100000069
:10A2F40018A200080000000000000000E1000000B7
:10A304000000000000000000E00100000000000068
:10A31400D89D00083F00000050040000E59D00089F
:10A324003F00000001000000010000000021005275
:10A334000000100808000000008000000100000078
:10A34400002000520000000800000000000000008F
:0400000508000000EF
:00000001FF
